,Symbol,Company Name
0,RELIANCE,Reliance Industries Limited
1,TCS,Tata Consultancy Services Limited
2,HDFCBANK,HDFC Bank Limited
3,INFY,Infosys Limited
4,HINDUNILVR,Hindustan Unilever Limited
5,HDFC,Housing Development Finance Corporation Limited
6,ICICIBANK,ICICI Bank Limited
7,KOTAKBANK,Kotak Mahindra Bank Limited
8,SBIN,State Bank of India
9,BAJFINANCE,Bajaj Finance Limited
10,BHARTIARTL,Bharti Airtel Limited
11,ITC,ITC Limited
12,HCLTECH,HCL Technologies Limited
13,ASIANPAINT,Asian Paints Limited
14,WIPRO,Wipro Limited
15,AXISBANK,Axis Bank Limited
16,MARUTI,Maruti Suzuki India Limited
17,LT,Larsen & Toubro Limited
18,ULTRACEMCO,UltraTech Cement Limited
19,DMART,Avenue Supermarts Limited
20,ADANIGREEN,Adani Green Energy Limited
21,BAJAJFINSV,Bajaj Finserv Limited
22,SUNPHARMA,Sun Pharmaceutical Industries Limited
23,ADANIPORTS,Adani Ports and Special Economic Zone Limited
24,HDFCLIFE,HDFC Life Insurance Company Limited
25,TITAN,Titan Company Limited
26,ONGC,Oil & Natural Gas Corporation Limited
27,HINDZINC,Hindustan Zinc Limited
28,ADANIENT,Adani Enterprises Limited
29,JSWSTEEL,JSW Steel Limited
30,POWERGRID,Power Grid Corporation of India Limited
31,SHREECEM,SHREE CEMENT LIMITED
32,BAJAJ-AUTO,Bajaj Auto Limited
33,ATGL,Adani Total Gas Limited
34,NTPC,NTPC Limited
35,TATAMOTORS,Tata Motors Limited
36,ADANITRANS,Adani Transmission Limited
37,M&M,Mahindra & Mahindra Limited
38,DIVISLAB,Divi's Laboratories Limited
39,TECHM,Tech Mahindra Limited
40,DABUR,Dabur India Limited
41,GRASIM,Grasim Industries Limited
42,BPCL,Bharat Petroleum Corporation Limited
43,PIDILITIND,Pidilite Industries Limited
44,TATASTEEL,Tata Steel Limited
45,SBILIFE,SBI Life Insurance Company Limited
46,BRITANNIA,Britannia Industries Limited
47,SBICARD,SBI Cards and Payment Services Limited
48,IOC,Indian Oil Corporation Limited
49,VEDL,Vedanta Limited
50,COALINDIA,Coal India Limited
51,DRREDDY,Dr. Reddy's Laboratories Limited
52,GODREJCP,Godrej Consumer Products Limited
53,BERGEPAINT,Berger Paints (I) Limited
54,INDUSINDBK,IndusInd Bank Limited
55,HINDALCO,Hindalco Industries Limited
56,EICHERMOT,Eicher Motors Limited
57,DLF,DLF Limited
58,LTI,Larsen & Toubro Infotech Limited
59,INDUSTOWER,Indus Towers Limited
60,HAVELLS,Havells India Limited
61,CIPLA,Cipla Limited
62,SIEMENS,Siemens Limited
63,ICICIGI,ICICI Lombard General Insurance Company Limited
64,ICICIPRULI,ICICI Prudential Life Insurance Company Limited
65,MOTHERSUMI,Motherson Sumi Systems Limited
66,INDIGO,InterGlobe Aviation Limited
67,HDFCAMC,HDFC Asset Management Company Limited
68,AMBUJACEM,Ambuja Cements Limited
69,GAIL,GAIL (India) Limited
70,TATACONSUM,TATA CONSUMER PRODUCTS LIMITED
71,HEROMOTOCO,Hero MotoCorp Limited
72,NAUKRI,Info Edge (India) Limited
73,BANDHANBNK,Bandhan Bank Limited
74,MARICO,Marico Limited
75,AUROPHARMA,Aurobindo Pharma Limited
76,BIOCON,Biocon Limited
77,UPL,UPL Limited
78,MUTHOOTFIN,Muthoot Finance Limited
79,LUPIN,Lupin Limited
80,CHOLAFIN,Cholamandalam Investment and Finance Company Limited
81,CADILAHC,Cadila Healthcare Limited
82,TORNTPHARM,Torrent Pharmaceuticals Limited
83,COLPAL,Colgate Palmolive (India) Limited
84,HONAUT,Honeywell Automation India Limited
85,APOLLOHOSP,Apollo Hospitals Enterprise Limited
86,BOSCHLTD,Bosch Limited
87,IDBI,IDBI Bank Limited
88,PGHH,Procter & Gamble Hygiene and Health Care Limited
89,GLAND,Gland Pharma Limited
90,MCDOWELL-N,United Spirits Limited
91,NMDC,NMDC Limited
92,PEL,Piramal Enterprises Limited
93,GODREJPROP,Godrej Properties Limited
94,YESBANK,Yes Bank Limited
95,JUBLFOOD,Jubilant Foodworks Limited
96,PNB,Punjab National Bank
97,AUBANK,AU Small Finance Bank Limited
98,BANKBARODA,Bank of Baroda
99,GUJGASLTD,Gujarat Gas Limited
100,BAJAJHLDNG,Bajaj Holdings & Investment Limited
101,CONCOR,Container Corporation of India Limited
102,SRTRANSFIN,Shriram Transport Finance Company Limited
103,IGL,Indraprastha Gas Limited
104,ACC,ACC Limited
105,JINDALSTEL,Jindal Steel & Power Limited
106,GICRE,General Insurance Corporation of India
107,MRF,MRF Limited
108,HINDPETRO,Hindustan Petroleum Corporation Limited
109,MINDTREE,MindTree Limited
110,3MINDIA,3M India Limited
111,PIIND,PI Industries Limited
112,PAGEIND,Page Industries Limited
113,PETRONET,Petronet LNG Limited
114,ASHOKLEY,Ashok Leyland Limited
115,HAL,Hindustan Aeronautics Limited
116,MPHASIS,MphasiS Limited
117,VOLTAS,Voltas Limited
118,ALKEM,Alkem Laboratories Limited
119,TATAPOWER,Tata Power Company Limited
120,UBL,United Breweries Limited
121,ADANIPOWER,Adani Power Limited
122,BALKRISIND,Balkrishna Industries Limited
123,SAIL,Steel Authority of India Limited
124,ASTRAL,Astral Poly Technik Limited
125,KANSAINER,Kansai Nerolac Paints Limited
126,SRF,SRF Limited
127,IDFCFIRSTB,IDFC First Bank Limited
128,BEL,Bharat Electronics Limited
129,TATACOMM,Tata Communications Limited
130,PFC,Power Finance Corporation Limited
131,IRFC,Indian Railway Finance Corporation Limited
132,ABB,ABB India Limited
133,DALBHARAT,Dalmia Bharat Limited
134,MFSL,Max Financial Services Limited
135,VBL,Varun Beverages Limited
136,ABCAPITAL,Aditya Birla Capital Limited
137,SUNDARMFIN,Sundaram Finance Limited
138,WHIRLPOOL,Whirlpool of India Limited
139,IRCTC,Indian Railway Catering And Tourism Corporation Limited
140,LTTS,L&T Technology Services Limited
141,TVSMOTOR,TVS Motor Company Limited
142,BHARATFORG,Bharat Forge Limited
143,OFSS,Oracle Financial Services Software Limited
144,TRENT,Trent Limited
145,IDEA,Vodafone Idea Limited
146,IOB,Indian Overseas Bank
147,SUPREMEIND,Supreme Industries Limited
148,RECLTD,REC Limited
149,CUMMINSIND,Cummins India Limited
150,NIACL,The New India Assurance Company Limited
151,CANBK,Canara Bank
152,CROMPTON,Crompton Greaves Consumer Electricals Limited
153,M&MFIN,Mahindra & Mahindra Financial Services Limited
154,NHPC,NHPC Limited
155,GLAXO,GlaxoSmithKline Pharmaceuticals Limited
156,IPCALAB,IPCA Laboratories Limited
157,L&TFH,L&T Finance Holdings Limited
158,RAMCOCEM,The Ramco Cements Limited
159,INDIAMART,Indiamart Intermesh Limited
160,TIINDIA,Tube Investments of India Limited
161,AARTIIND,Aarti Industries Limited
162,COROMANDEL,Coromandel International Limited
163,DEEPAKNTR,Deepak Nitrite Limited
164,LALPATHLAB,Dr. Lal Path Labs Ltd.
165,JKCEMENT,JK Cement Limited
166,BANKINDIA,Bank of India
167,UNIONBANK,Union Bank of India
168,RELAXO,Relaxo Footwears Limited
169,SYNGENE,Syngene International Limited
170,LICHSGFIN,LIC Housing Finance Limited
171,EMAMILTD,Emami Limited
172,DIXON,Dixon Technologies (India) Limited
173,ATUL,Atul Limited
174,OBEROIRLTY,Oberoi Realty Limited
175,NAM-INDIA,Nippon Life India Asset Management Limited
176,PFIZER,Pfizer Limited
177,POLYCAB,Polycab India Limited
178,ENDURANCE,Endurance Technologies Limited
179,TORNTPOWER,Torrent Power Limited
180,MAXHEALTH,Max Healthcare Institute Limited
181,ZEEL,Zee Entertainment Enterprises Limited
182,LAURUSLABS,Laurus Labs Limited
183,AIAENG,AIA Engineering Limited
184,GILLETTE,Gillette India Limited
185,TATACHEM,Tata Chemicals Limited
186,AAVAS,Aavas Financiers Limited
187,RUCHI,Ruchi Soya Industries Limited
188,APLLTD,Alembic Pharmaceuticals Limited
189,SUNTV,Sun TV Network Limited
190,GODREJIND,Godrej Industries Limited
191,SANOFI,Sanofi India Limited
192,BATAINDIA,Bata India Limited
193,COFORGE,Coforge Limited
194,APLAPOLLO,APL Apollo Tubes Limited
195,ESCORTS,Escorts Limited
196,ABFRL,Aditya Birla Fashion and Retail Limited
197,SCHAEFFLER,Schaeffler India Limited
198,BHEL,Bharat Heavy Electricals Limited
199,SUNDRMFAST,Sundram Fasteners Limited
200,TATAELXSI,Tata Elxsi Limited
201,THERMAX,Thermax Limited
202,HATSUN,Hatsun Agro Product Limited
203,EXIDEIND,Exide Industries Limited
204,AJANTPHARM,Ajanta Pharma Limited
205,GSPL,Gujarat State Petronet Limited
206,LINDEINDIA,Linde India Limited
207,FEDERALBNK,The Federal Bank  Limited
208,NATCOPHARM,Natco Pharma Limited
209,FORTIS,Fortis Healthcare Limited
210,KAJARIACER,Kajaria Ceramics Limited
211,MINDAIND,Minda Industries Limited
212,PERSISTENT,Persistent Systems Limited
213,GMRINFRA,GMR Infrastructure Limited
214,AMARAJABAT,Amara Raja Batteries Limited
215,SUMICHEM,Sumitomo Chemical India Limited
216,JSWENERGY,JSW Energy Limited
217,VINATIORGA,Vinati Organics Limited
218,APOLLOTYRE,Apollo Tyres Limited
219,RAJESHEXPO,Rajesh Exports Limited
220,AFFLE,Affle (India) Limited
221,MAHABANK,Bank of Maharashtra
222,NAVINFLUOR,Navin Fluorine International Limited
223,PHOENIXLTD,The Phoenix Mills Limited
224,CRISIL,CRISIL Limited
225,OIL,Oil India Limited
226,BLUEDART,Blue Dart Express Limited
227,INDHOTEL,The Indian Hotels Company Limited
228,GLENMARK,Glenmark Pharmaceuticals Limited
229,INDIANB,Indian Bank
230,SUVENPHAR,Suven Pharmaceuticals Limited
231,MANAPPURAM,Manappuram Finance Limited
232,ZYDUSWELL,Zydus Wellness Limited
233,VAIBHAVGBL,Vaibhav Global Limited
234,WABCOINDIA,WABCO India Limited
235,RBLBANK,RBL Bank Limited
236,CASTROLIND,Castrol India Limited
237,ISEC,ICICI Securities Limited
238,PRESTIGE,Prestige Estates Projects Limited
239,ALKYLAMINE,Alkyl Amines Chemicals Limited
240,SOLARINDS,Solar Industries India Limited
241,MGL,Mahanagar Gas Limited
242,CUB,City Union Bank Limited
243,METROPOLIS,Metropolis Healthcare Limited
244,INDIGOPNTS,Indigo Paints Limited
245,CHOLAHLDNG,Cholamandalam Financial Holdings Limited
246,BAJAJELEC,Bajaj Electricals Limited
247,AMBER,Amber Enterprises India Limited
248,SKFINDIA,SKF India Limited
249,TANLA,Tanla Platforms Limited
250,HINDCOPPER,Hindustan Copper Limited
251,UCOBANK,UCO Bank
252,IIFLWAM,Iifl Wealth Management Limited
253,JUBLPHARMA,Jubilant Pharmova Limited
254,VGUARD,V-Guard Industries Limited
255,ITI,ITI Limited
256,IIFL,IIFL Finance Limited
257,KEC,KEC International Limited
258,GRINDWELL,Grindwell Norton Limited
259,AEGISCHEM,Aegis Logistics Limited
260,AKZOINDIA,Akzo Nobel India Limited
261,CREDITACC,CREDITACCESS GRAMEEN LIMITED
262,QUESS,Quess Corp Limited
263,PGHL,Procter & Gamble Health Limited
264,SJVN,SJVN Limited
265,NATIONALUM,National Aluminium Company Limited
266,GODREJAGRO,Godrej Agrovet Limited
267,TTKPRESTIG,TTK Prestige Limited
268,ALOKINDS,Alok Industries Limited
269,GRAPHITE,Graphite India Limited
270,IEX,Indian Energy Exchange Limited
271,INTELLECT,Intellect Design Arena Limited
272,ORCHPHARMA,Orchid Pharma Limited
273,TIMKEN,Timken India Limited
274,JBCHEPHARM,JB Chemicals & Pharmaceuticals Limited
275,CARBORUNIV,Carborundum Universal Limited
276,SFL,Sheela Foam Limited
277,CENTRALBK,Central Bank of India
278,CHAMBLFERT,Chambal Fertilizers & Chemicals Limited
279,MOTILALOFS,Motilal Oswal Financial Services Limited
280,IBULHSGFIN,Indiabulls Housing Finance Limited
281,GALAXYSURF,Galaxy Surfactants Limited
282,SHRIRAMCIT,Shriram City Union Finance Limited
283,BLUESTARCO,Blue Star Limited
284,BASF,BASF India Limited
285,CGPOWER,CG Power and Industrial Solutions Limited
286,RATNAMANI,Ratnamani Metals & Tubes Limited
287,DHANI,Dhani Services Limited
288,SYMPHONY,Symphony Limited
289,HUDCO,Housing & Urban Development Corporation Limited
290,KIOCL,KIOCL Limited
291,NBCC,NBCC (India) Limited
292,NH,Narayana Hrudayalaya Ltd.
293,ERIS,Eris Lifesciences Limited
294,CANFINHOME,Can Fin Homes Limited
295,ROUTE,ROUTE MOBILE LIMITED
296,WELSPUNIND,Welspun India Limited
297,JMFINANCIL,JM Financial Limited
298,DBL,Dilip Buildcon Limited
299,HAPPSTMNDS,Happiest Minds Technologies Limited
300,FSL,Firstsource Solutions Limited
301,FINPIPE,Finolex Industries Limited
302,POLYMED,Poly Medicure Limited
303,CESC,CESC Limited
304,DCMSHRIRAM,DCM Shriram Limited
305,BBTC,Bombay Burmah Trading Corporation Limited
306,STLTECH,Sterlite Technologies Limited
307,STAR,Strides Pharma Science Limited
308,IDFC,IDFC Limited
309,ASAHIINDIA,Asahi India Glass Limited
310,ASTRAZEN,AstraZeneca Pharma India Limited
311,GRANULES,Granules India Limited
312,RADICO,Radico Khaitan Limited
313,VTL,Vardhman Textiles Limited
314,EPL,EPL Limited
315,PVR,PVR Limited
316,REDINGTON,Redington (India) Limited
317,UTIAMC,UTI Asset Management Company Limited
318,KPRMILL,K.P.R. Mill Limited
319,BIRLACORPN,Birla Corporation Limited
320,LAXMIMACH,Lakshmi Machine Works Limited
321,JCHAC,Johnson Controls - Hitachi Air Conditioning India Limited
322,TRIDENT,Trident Limited
323,CYIENT,Cyient Limited
324,CENTURYPLY,Century Plyboards (India) Limited
325,BSOFT,BIRLASOFT LIMITED
326,KALYANKJIL,Kalyan Jewellers India Limited
327,FINEORG,Fine Organic Industries Limited
328,NLCINDIA,NLC India Limited
329,ASTERDM,Aster DM Healthcare Limited
330,EQUITASBNK,Equitas Small Finance Bank Limited
331,CDSL,Central Depository Services (India) Limited
332,MRPL,Mangalore Refinery and Petrochemicals Limited
333,CGCL,Capri Global Capital Limited
334,PNCINFRA,PNC Infratech Limited
335,ORIENTELEC,Orient Electric Limited
336,PRSMJOHNSN,Prism Johnson Limited
337,AARTIDRUGS,Aarti Drugs Limited
338,TEAMLEASE,Teamlease Services Limited
339,MMTC,MMTC Limited
340,FLUOROCHEM,Gujarat Fluorochemicals Limited
341,INFIBEAM,Infibeam Avenues Limited
342,PNBHOUSING,PNB Housing Finance Limited
343,CEATLTD,CEAT Limited
344,GMMPFAUDLR,GMM Pfaudler Limited
345,SUNCLAYLTD,Sundaram Clayton Limited
346,ZENSARTECH,Zensar Technologies Limited
347,MAHINDCIE,Mahindra CIE Automotive Limited
348,BDL,Bharat Dynamics Limited
349,RVNL,Rail Vikas Nigam Limited
350,ELGIEQUIP,Elgi Equipments Limited
351,KNRCON,KNR Constructions Limited
352,SEQUENT,Sequent Scientific Limited
353,VAKRANGEE,Vakrangee Limited
354,EDELWEISS,Edelweiss Financial Services Limited
355,BRIGADE,Brigade Enterprises Limited
356,FINCABLES,Finolex Cables Limited
357,EIHOTEL,EIH Limited
358,POWERINDIA,ABB Power Products and Systems India Limited
359,RITES,RITES Limited
360,SIS,SIS LIMITED
361,TATASTLBSL,Tata Steel Bsl Limited
362,BALAMINES,Balaji Amines Limited
363,HEG,HEG Limited
364,AVANTIFEED,Avanti Feeds Limited
365,EIDPARRY,EID Parry India Limited
366,KALPATPOWR,Kalpataru Power Transmission Limited
367,VMART,V-Mart Retail Limited
368,ROSSARI,Rossari Biotech Limited
369,SONATSOFTW,Sonata Software Limited
370,JUSTDIAL,Just Dial Limited
371,HEIDELBERG,HeidelbergCement India Limited
372,GARFIBRES,Garware Technical Fibres Limited
373,UJJIVANSFB,Ujjivan Small Finance Bank Limited
374,TATAINVEST,Tata Investment Corporation Limited
375,VSTIND,VST Industries Limited
376,BEML,BEML Limited
377,CENTURYTEX,Century Textiles & Industries Limited
378,INDIACEM,The India Cements Limited
379,SCI,Shipping Corporation Of India Limited
380,JKLAKSHMI,JK Lakshmi Cement Limited
381,CERA,Cera Sanitaryware Limited
382,JYOTHYLAB,Jyothy Labs Limited
383,VIPIND,VIP Industries Limited
384,SOLARA,Solara Active Pharma Sciences Limited
385,TV18BRDCST,TV18 Broadcast Limited
386,COCHINSHIP,Cochin Shipyard Limited
387,BURGERKING,Burger King India Limited
388,VARROC,Varroc Engineering Limited
389,RALLIS,Rallis India Limited
390,ANURAS,Anupam Rasayan India Limited
391,KPITTECH,KPIT Technologies Limited
392,FDC,FDC Limited
393,NCC,NCC Limited
394,RAIN,Rain Industries Limited
395,THYROCARE,Thyrocare Technologies Limited
396,GODFRYPHLP,Godfrey Phillips India Limited
397,KEI,KEI Industries Limited
398,GPPL,Gujarat Pipavav Port Limited
399,GNFC,Gujarat Narmada Valley Fertilizers and Chemicals Limited
400,MASFIN,MAS Financial Services Limited
401,LXCHEM,Laxmi Organic Industries Limited
402,GESHIP,The Great Eastern Shipping Company Limited
403,PRINCEPIPE,Prince Pipes And Fittings Limited
404,WOCKPHARMA,Wockhardt Limited
405,HATHWAY,Hathway Cable & Datacom Limited
406,BALRAMCHIN,Balrampur Chini Mills Limited
407,IFBIND,IFB Industries Limited
408,NAZARA,Nazara Technologies Limited
409,RESPONIND,Responsive Industries Limited
410,KARURVYSYA,Karur Vysya Bank Limited
411,LUXIND,Lux Industries Limited
412,ENGINERSIN,Engineers India Limited
413,DELTACORP,Delta Corp Limited
414,MAZDOCK,Mazagon Dock Shipbuilders Limited
415,RCF,Rashtriya Chemicals and Fertilizers Limited
416,JSWHL,JSW Holdings Limited
417,SUZLON,Suzlon Energy Limited
418,KRBL,KRBL Limited
419,MAHLOG,Mahindra Logistics Limited
420,IRCON,Ircon International Limited
421,SWSOLAR,Sterling And Wilson Solar Limited
422,SOBHA,Sobha Limited
423,JUBLINGREA,Jubilant Ingrevia Limited
424,SUNTECK,Sunteck Realty Limited
425,MAHSCOOTER,Maharashtra Scooters Limited
426,RAILTEL,Railtel Corporation Of India Limited
427,CSBBANK,CSB Bank Limited
428,BHARATRAS,Bharat Rasayan Limited
429,STARCEMENT,Star Cement Limited
430,SUPPETRO,Supreme Petrochem Limited
431,HOMEFIRST,Home First Finance Company India Limited
432,HEMIPROP,Hemisphere Properties India Limited
433,SPANDANA,Spandana Sphoorty Financial Limited
434,AGCNET,AGC Networks Limited
435,INDOSTAR,IndoStar Capital Finance Limited
436,ADVENZYMES,Advanced Enzyme Technologies Limited
437,SUPRAJIT,Suprajit Engineering Limited
438,ECLERX,eClerx Services Limited
439,BAJAJCON,Bajaj Consumer Care Limited
440,IRB,IRB Infrastructure Developers Limited
441,NETWORK18,Network18 Media & Investments Limited
442,FACT,Fertilizers and Chemicals Travancore Limited
443,SPARC,Sun Pharma Advanced Research Company Limited
444,NESCO,Nesco Limited
445,IBREALEST,Indiabulls Real Estate Limited
446,TASTYBITE,Tasty Bite Eatables Limited
447,TCIEXP,TCI Express Limited
448,GULFOILLUB,Gulf Oil Lubricants India Limited
449,WELCORP,Welspun Corp Limited
450,HGS,Hinduja Global Solutions Limited
451,SUDARSCHEM,Sudarshan Chemical Industries Limited
452,MOIL,MOIL Limited
453,PRAJIND,Praj Industries Limited
454,TATASTLLP,Tata Steel Long Products Limited
455,TECHNOE,Techno Electric & Engineering Company Limited
456,PAISALO,Paisalo Digital Limited
457,PRIVISCL,Privi Speciality Chemicals Limited
458,MIDHANI,Mishra Dhatu Nigam Limited
459,SWANENERGY,Swan Energy Limited
460,ITDC,India Tourism Development Corporation Limited
461,JSL,Jindal Stainless Limited
462,TRITURBINE,Triveni Turbine Limited
463,PHILIPCARB,Phillips Carbon Black Limited
464,JINDALPOLY,Jindal Poly Films Limited
465,GSFC,Gujarat State Fertilizers & Chemicals Limited
466,KSCL,Kaveri Seed Company Limited
467,IOLCP,IOL Chemicals and Pharmaceuticals Limited
468,HFCL,HFCL Limited
469,DHANUKA,Dhanuka Agritech Limited
470,INOXLEISUR,INOX Leisure Limited
471,BORORENEW,BOROSIL RENEWABLES LIMITED
472,DCBBANK,DCB Bank Limited
473,ICRA,ICRA Limited
474,MTARTECH,Mtar Technologies Limited
475,KSB,Ksb Limited
476,TCNSBRANDS,TCNS Clothing Co. Limited
477,CCL,CCL Products (India) Limited
478,MASTEK,Mastek Limited
479,CAPLIPOINT,Caplin Point Laboratories Limited
480,ALLCARGO,Allcargo Logistics Limited
481,CHALET,Chalet Hotels Limited
482,CRAFTSMAN,Craftsman Automation Limited
483,EQUITAS,Equitas Holdings Limited
484,GET&D,GE T&D India Limited
485,MAGMA,Magma Fincorp Limited
486,MEGH,Meghmani Organics Limited
487,GREAVESCOT,Greaves Cotton Limited
488,JSLHISAR,Jindal Stainless (Hisar) Limited
489,GAEL,Gujarat Ambuja Exports Limited
490,LEMONTREE,Lemon Tree Hotels Limited
491,MAHLIFE,Mahindra Lifespace Developers Limited
492,NILKAMAL,Nilkamal Limited
493,SURYODAY,Suryoday Small Finance Bank Limited
494,NOCIL,NOCIL Limited
495,ASHOKA,Ashoka Buildcon Limited
496,MHRIL,Mahindra Holidays & Resorts India Limited
497,SAREGAMA,Saregama India Limited
498,TTML,Tata Teleservices (Maharashtra) Limited
499,ESABINDIA,Esab India Limited
500,UFLEX,UFLEX Limited
501,SHILPAMED,Shilpa Medicare Limited
502,ORIENTREF,Orient Refractories Limited
503,POLYPLEX,Polyplex Corporation Limited
504,JAMNAAUTO,Jamna Auto Industries Limited
505,JKTYRE,JK Tyre & Industries Limited
506,NEULANDLAB,Neuland Laboratories Limited
507,NFL,National Fertilizers Limited
508,INDOCO,Indoco Remedies Limited
509,ALEMBICLTD,Alembic Limited
510,ICIL,Indo Count Industries Limited
511,SHARDACROP,Sharda Cropchem Limited
512,TATAMETALI,Tata Metaliks Limited
513,BSE,BSE Limited
514,UJJIVAN,Ujjivan Financial Services Limited
515,JKPAPER,JK Paper Limited
516,GPIL,Godawari Power And Ispat limited
517,GUJALKALI,Gujarat Alkalies and Chemicals Limited
518,HERANBA,Heranba Industries Limited
519,LAOPALA,La Opala RG Limited
520,RUPA,Rupa & Company Limited
521,RAYMOND,Raymond Limited
522,MINDACORP,Minda Corporation Limited
523,HCG,Healthcare Global Enterprises Limited
524,ANGELBRKG,Angel Broking Limited
525,JINDALSAW,Jindal Saw Limited
526,KIRLOSENG,Kirloskar Oil Engines Limited
527,SHOPERSTOP,Shoppers Stop Limited
528,DEN,Den Networks Limited
529,DEEPAKFERT,Deepak Fertilizers and Petrochemicals Corporation Limited
530,BEPL,Bhansali Engineering Polymers Limited
531,FRETAIL,Future Retail Limited
532,PTC,PTC India Limited
533,HIL,HIL Limited
534,IFCI,IFCI Limited
535,RELIGARE,Religare Enterprises Limited
536,GREENLAM,Greenlam Industries Limited
537,SCHNEIDER,Schneider Electric Infrastructure Limited
538,EASEMYTRIP,Easy Trip Planners Limited
539,TATACOFFEE,Tata Coffee Limited
540,JPPOWER,Jaiprakash Power Ventures Limited
541,RAMCOIND,Ramco Industries Limited
542,GDL,Gateway Distriparks Limited
543,BALMLAWRIE,Balmer Lawrie & Company Limited
544,MATRIMONY,Matrimony.Com Limited
545,VENKEYS,Venky's (India) Limited
546,UNICHEMLAB,Unichem Laboratories Limited
547,GHCL,GHCL Limited
548,INGERRAND,Ingersoll Rand (India) Limited
549,SUVIDHAA,Suvidhaa Infoserve Limited
550,GRSE,Garden Reach Shipbuilders & Engineers Limited
551,HUHTAMAKI,Huhtamaki India Limited
552,REPCOHOME,Repco Home Finance Limited
553,MSTCLTD,Mstc Limited
554,VRLLOG,VRL Logistics Limited
555,GREENPLY,Greenply Industries Limited
556,JTEKTINDIA,Jtekt India Limited
557,MARKSANS,Marksans Pharma Limited
558,TRIVENI,Triveni Engineering & Industries Limited
559,ATFL,Agro Tech Foods Limited
560,SUBROS,Subros Limited
561,NEOGEN,Neogen Chemicals Limited
562,AHLUCONT,Ahluwalia Contracts (India) Limited
563,ORIENTCEM,Orient Cement Limited
564,SUBEXLTD,Subex Limited
565,JBMA,JBM Auto Limited
566,BANARISUG,Bannari Amman Sugars Limited
567,NEWGEN,Newgen Software Technologies Limited
568,BECTORFOOD,Mrs. Bectors Food Specialities Limited
569,TCI,Transport Corporation of India Limited
570,OAL,Oriental Aromatics Limited
571,ASTEC,Astec LifeSciences Limited
572,GREENPANEL,Greenpanel Industries Limited
573,SHIL,Somany Home Innovation Limited
574,NIITLTD,NIIT Limited
575,EVEREADY,Eveready Industries India Limited
576,VESUVIUS,Vesuvius India Limited
577,RENUKA,Shree Renuka Sugars Limited
578,HGINFRA,H.G. Infra Engineering Limited
579,GEPIL,GE Power India Limited
580,BOROLTD,Borosil Limited
581,KIRLOSBROS,Kirloskar Brothers Limited
582,KTKBANK,The Karnataka Bank Limited
583,SURYAROSNI,Surya Roshni Limited
584,DAAWAT,LT Foods Limited
585,MAYURUNIQ,Mayur Uniquoters Ltd
586,THOMASCOOK,Thomas Cook  (India)  Limited
587,MAHSEAMLES,Maharashtra Seamless Limited
588,NAVNETEDUL,Navneet Education Limited
589,DFMFOODS,DFM Foods Limited
590,J&KBANK,The Jammu & Kashmir Bank Limited
591,APARINDS,Apar Industries Limited
592,SOMANYCERA,Somany Ceramics Limited
593,CAMLINFINE,Camlin Fine Sciences Limited
594,ADFFOODS,ADF Foods Limited
595,OLECTRA,Olectra Greentech Limited
596,SHRIPISTON,Shriram Pistons & Rings Limited
597,HIKAL,Hikal Limited
598,GMDCLTD,Gujarat Mineral Development Corporation Limited
599,ACE,Action Construction Equipment Limited
600,PILANIINVS,Pilani Investment and Industries Corporation Limited
601,HSCL,Himadri Speciality Chemical Limited
602,PDSMFL,PDS Multinational Fashions Limited
603,KOLTEPATIL,Kolte - Patil Developers Limited
604,PFOCUS,Prime Focus Limited
605,DCAL,Dishman Carbogen Amcis Limited
606,ARVIND,Arvind Limited
607,DISHTV,Dish TV India Limited
608,JPASSOCIAT,Jaiprakash Associates Limited
609,TINPLATE,The Tinplate Company of India Limited
610,SAGCEM,Sagar Cements Limited
611,RKFORGE,Ramkrishna Forgings Limited
612,PSPPROJECT,PSP Projects Limited
613,PURVA,Puravankara Limited
614,AMRUTANJAN,Amrutanjan Health Care Limited
615,JAGRAN,Jagran Prakashan Limited
616,INEOSSTYRO,INEOS Styrolution India Limited
617,HESTERBIO,Hester Biosciences Limited
618,RAMCOSYS,Ramco Systems Limited
619,WELENT,Welspun Enterprises Limited
620,ANANTRAJ,Anant Raj Limited
621,AUTOAXLES,Automotive Axles Limited
622,WSTCSTPAPR,West Coast Paper Mills Limited
623,SWARAJENG,Swaraj Engines Limited
624,TVTODAY,TV Today Network Limited
625,SHK,S H Kelkar and Company Limited
626,DBCORP,D.B.Corp Limited
627,MAITHANALL,Maithan Alloys Limited
628,FMGOETZE,Federal-Mogul Goetze (India) Limited.
629,WABAG,VA Tech Wabag Limited
630,VSTTILLERS,V.S.T Tillers Tractors Limited
631,INOXWIND,Inox Wind Limited
632,DALMIASUG,Dalmia Bharat Sugar and Industries Limited
633,JAICORPLTD,Jai Corp Limited
634,SARDAEN,Sarda Energy & Minerals Limited
635,TIDEWATER,Tide Water Oil Company (India) Limited
636,LUMAXIND,Lumax Industries Limited
637,SOUTHBANK,The South Indian Bank Limited
638,CHEMCON,Chemcon Speciality Chemicals Limited
639,STOVEKRAFT,Stove Kraft Limited
640,CHENNPETRO,Chennai Petroleum Corporation Limited
641,GABRIEL,Gabriel India Limited
642,ORISSAMINE,The Orissa Minerals Development Company Limited
643,TEJASNET,Tejas Networks Limited
644,FILATEX,Filatex India Limited
645,JKIL,J.Kumar Infraprojects Limited
646,BOMDYEING,Bombay Dyeing & Mfg Company Limited
647,MOREPENLAB,Morepen Laboratories Limited
648,HMT,HMT Limited
649,HIMATSEIDE,Himatsingka Seide Limited
650,IIFLSEC,IIFL Securities Limited
651,KIRIINDUS,Kiri Industries Limited
652,NUCLEUS,Nucleus Software Exports Limited
653,KSL,Kalyani Steels Limited
654,DIAMONDYD,Prataap Snacks Limited
655,SOTL,Savita Oil Technologies Limited
656,ARVINDFASN,Arvind Fashions Limited
657,CAPACITE,Capacit'e Infraprojects Limited
658,TIMETECHNO,Time Technoplast Limited
659,HERITGFOOD,Heritage Foods Limited
660,RSYSTEMS,R Systems International Limited
661,TVSSRICHAK,TVS Srichakra Limited
662,SAFARI,Safari Industries (India) Limited
663,ASHIANA,Ashiana Housing Limited
664,GTPL,GTPL Hathway Limited
665,ITDCEM,ITD Cementation India Limited
666,SASKEN,Sasken Technologies Limited
667,DOLLAR,Dollar Industries Limited
668,APOLLOPIPE,Apollo Pipes Limited
669,INDIAGLYCO,India Glycols Limited
670,GANECOS,Ganesha Ecosphere Limited
671,HINDOILEXP,Hindustan Oil Exploration Company Limited
672,ACCELYA,Accelya Solutions India Limited
673,PRAKASH,Prakash Industries Limited
674,IGPL,IG Petrochemicals Limited
675,PCJEWELLER,PC Jeweller Limited
676,JMCPROJECT,JMC Projects (India)  Limited
677,RTNPOWER,RattanIndia Power Limited
678,GATI,GATI Limited
679,OMAXE,Omaxe Limited
680,GENUSPOWER,Genus Power Infrastructures Limited
681,SANDHAR,Sandhar Technologies Limited
682,PSB,Punjab & Sind Bank
683,JSWISPL,JSW Ispat Special Products Limited
684,NBVENTURES,Nava Bharat Ventures Limited
685,CONFIPET,Confidence Petroleum India Limited
686,IMFA,Indian Metals & Ferro Alloys Limited
687,RPOWER,Reliance Power Limited
688,HCC,Hindustan Construction Company Limited
689,DHAMPURSUG,Dhampur Sugar Mills Limited
690,CARERATING,CARE Ratings Limited
691,3IINFOTECH,3i Infotech Limited
692,KIRLOSIND,Kirloskar Industries Limited
693,GEOJITFSL,Geojit Financial Services Limited
694,QUICKHEAL,Quick Heal Technologies Limited
695,MMFL,MM Forgings Limited
696,FCONSUMER,Future Consumer Limited
697,MTNL,Mahanagar Telephone Nigam Limited
698,CENTRUM,Centrum Capital Limited
699,MUKANDLTD,Mukand Limited
700,SHARDAMOTR,Sharda Motor Industries Limited
701,PFS,PTC India Financial Services Limited
702,DIGISPICE,DiGiSPICE Technologies Limited
703,SUNDARMHLD,Sundaram Finance Holdings Limited
704,GIPCL,Gujarat Industries Power Company Limited
705,DPSCLTD,DPSC Limited
706,IFGLEXPOR,IFGL Refractories Limited
707,SUNFLAG,Sunflag Iron And Steel Company Limited
708,COSMOFILMS,Cosmo Films Limited
709,ASTRAMICRO,Astra Microwave Products Limited
710,NXTDIGITAL,NXTDIGITAL LIMITED
711,SEAMECLTD,Seamec Limited
712,VOLTAMP,Voltamp Transformers Limited
713,LUMAXTECH,Lumax Auto Technologies Limited
714,BODALCHEM,Bodal Chemicals Limited
715,PANACEABIO,Panacea Biotec Limited
716,MOLDTKPAC,Mold-Tek Packaging Limited
717,SSWL,Steel Strips Wheels Limited
718,WHEELS,Wheels India Limited
719,SHALBY,Shalby Limited
720,WONDERLA,Wonderla Holidays Limited
721,JETAIRWAYS,Jet Airways (India) Limited
722,ELECTCAST,Electrosteel Castings Limited
723,GOCLCORP,GOCL Corporation Limited
724,KCP,KCP Limited
725,PUNJABCHEM,Punjab Chemicals & Crop Protection Limited
726,SADBHAV,Sadbhav Engineering Limited
727,KKCL,Kewal Kiran Clothing Limited
728,SANGHIIND,Sanghi Industries Limited
729,YAARII,Yaarii Digital Integrated Services Limited
730,VIDHIING,Vidhi Specialty Food Ingredients Limited
731,EXCELINDUS,Excel Industries Limited
732,NRBBEARING,NRB Bearing Limited
733,SMSPHARMA,SMS Pharmaceuticals Limited
734,OPTIEMUS,Optiemus Infracom Limited
735,DREDGECORP,Dredging Corporation of India Limited
736,BFINVEST,BF Investment Limited
737,MANINFRA,Man Infraconstruction Limited
738,GALLISPAT,Gallantt Ispat Limited
739,SESHAPAPER,Seshasayee Paper and Boards Limited
740,MANALIPETC,Manali Petrochemicals Limited
741,BLISSGVS,Bliss GVS Pharma Limited
742,TNPL,Tamil Nadu Newsprint & Papers Limited
743,USHAMART,Usha Martin Limited
744,INDORAMA,Indo Rama Synthetics (India) Limited
745,BANCOINDIA,Banco Products (I) Limited
746,KESORAMIND,Kesoram Industries Limited
747,GTLINFRA,GTL Infrastructure Limited
748,HSIL,HSIL Limited
749,BUTTERFLY,Butterfly Gandhimathi Appliances Limited
750,FLFL,Future Lifestyle Fashions Limited
751,INSECTICID,Insecticides (India) Limited
752,SHANTIGEAR,Shanthi Gears Limited
753,FAIRCHEMOR,Fairchem Organics Limited
754,ESTER,Ester Industries Limited
755,VINDHYATEL,Vindhya Telelinks Limited
756,HONDAPOWER,Honda India Power Products Limited
757,JINDWORLD,Jindal Worldwide Limited
758,TIIL,Technocraft Industries (India) Limited
759,LGBBROSLTD,LG Balakrishnan & Bros Limited
760,SHAKTIPUMP,Shakti Pumps (India) Limited
761,BLS,BLS International Services Limited
762,SHANKARA,Shankara Building Products Limited
763,PRABHAT,Prabhat Dairy Limited
764,APCOTEXIND,Apcotex Industries Limited
765,BFUTILITIE,BF Utilities Limited
766,HBLPOWER,HBL Power Systems Limited
767,RELINFRA,Reliance Infrastructure Limited
768,ONMOBILE,OnMobile Global Limited
769,OCCL,Oriental Carbon & Chemicals Limited
770,GLOBUSSPR,Globus Spirits Limited
771,JISLJALEQS,Jain Irrigation Systems Limited
772,ASHAPURMIN,Ashapura Minechem Limited
773,SUVEN,Suven Life Sciences Limited
774,RPSGVENT,RPSG VENTURES LIMITED
775,TEXINFRA,Texmaco Infrastructure & Holdings Limited
776,GUFICBIO,Gufic Biosciences Limited
777,PARAGMILK,Parag Milk Foods Limited
778,CIGNITITEC,Cigniti Technologies Limited
779,SHREDIGCEM,Shree Digvijay Cement Co.Ltd
780,EKC,Everest Kanto Cylinder Limited
781,PANAMAPET,Panama Petrochem Limited
782,TIRUMALCHM,Thirumalai Chemicals Limited
783,SIYSIL,Siyaram Silk Mills Limited
784,ANDHRAPAP,ANDHRA PAPER LIMITED
785,PNBGILTS,PNB Gilts Limited
786,ARSHIYA,Arshiya Limited
787,SIRCA,Sirca Paints India Limited
788,POWERMECH,Power Mech Projects Limited
789,CLNINDIA,Clariant Chemicals (India) Limited
790,IGARASHI,Igarashi Motors India Limited
791,TARC,Anant Raj Global Limited
792,MANGCHEFER,Mangalore Chemicals & Fertilizers Limited
793,PRICOLLTD,Pricol Limited
794,IMPAL,India Motor Parts and Accessories Limited
795,RANEHOLDIN,Rane Holdings Limited
796,SHAREINDIA,Share India Securities Limited
797,MPSLTD,MPS Limited
798,INDNIPPON,India Nippon Electricals Limited
799,INDIANHUME,Indian Hume Pipe Company Limited
800,MAXVIL,Max Ventures and Industries Limited
801,ACRYSIL,Acrysil Limited
802,POKARNA,Pokarna Limited
803,SATIA,Satia Industries Limited
804,RADIOCITY,Music Broadcast Limited
805,MARINE,Marine Electricals (India) Limited
806,SRIPIPES,Srikalahasthi Pipes Limited
807,THANGAMAYL,Thangamayil Jewellery Limited
808,GFLLIMITED,GFL Limited
809,RAJRATAN,Rajratan Global Wire Limited
810,PGEL,PG Electroplast Limited
811,ANDHRSUGAR,The Andhra Sugars Limited
812,VISAKAIND,Visaka Industries Limited
813,SMCGLOBAL,SMC Global Securities Limited
814,NCLIND,NCL Industries Limited
815,GMBREW,GM Breweries Limited
816,ASALCBR,Associated Alcohols & Breweries Ltd.
817,APTECHT,Aptech Limited
818,GOLDIAM,Goldiam International Limited
819,EMAMIPAP,Emami Paper Mills Limited
820,MANGLMCEM,Mangalam Cement Limited
821,KARDA,Karda Constructions Limited
822,NACLIND,NACL Industries Limited
823,SNOWMAN,Snowman Logistics Limited
824,FIEMIND,Fiem Industries Limited
825,GNA,GNA Axles Limited
826,FOSECOIND,Foseco India Limited
827,FCL,Fineotex Chemical Limited
828,XCHANGING,Xchanging Solutions Limited
829,TEXRAIL,Texmaco Rail & Engineering Limited
830,EIHAHOTELS,EIH Associated Hotels Limited
831,ELECON,Elecon Engineering Company Limited
832,KINGFA,Kingfa Science & Technology (India) Limited
833,AARTISURF,Aarti Surfactants Limited
834,RTNINFRA,RattanIndia Infrastructure Limited
835,STERTOOLS,Sterling Tools Limited
836,BAJAJHIND,Bajaj Hindusthan Sugar Limited
837,TTKHLTCARE,TTK Healthcare Limited
838,KELLTONTEC,Kellton Tech Solutions Limited
839,ENIL,Entertainment Network (India) Limited
840,SADBHIN,Sadbhav Infrastructure Project Limited
841,BHAGERIA,Bhageria Industries Limited
842,KICL,Kalyani Investment Company Limited
843,AVTNPL,AVT Natural Products Limited
844,TAJGVK,Taj GVK Hotels & Resorts Limited
845,AWHCL,Antony Waste Handling Cell Limited
846,DCW,DCW Limited
847,DATAMATICS,Datamatics Global Services Limited
848,JAYNECOIND,Jayaswal Neco Industries Limited
849,TAKE,Take Solutions Limited
850,KITEX,Kitex Garments Limited
851,SMLISUZU,SML Isuzu Limited
852,APEX,Apex Frozen Foods Limited
853,VADILALIND,Vadilal Industries Limited
854,SUTLEJTEX,Sutlej Textiles and Industries Limited
855,RPGLIFE,RPG Life Sciences Limited
856,5PAISA,5Paisa Capital Limited
857,SPENCERS,Spencer's Retail Limited
858,BBL,Bharat Bijlee Limited
859,WENDT,Wendt (India) Limited
860,LIKHITHA,Likhitha Infrastructure Limited
861,CEREBRAINT,Cerebra Integrated Technologies Limited
862,GICHSGFIN,GIC Housing Finance Limited
863,SKIPPER,Skipper Limited
864,GRAVITA,Gravita India Limited
865,RBL,Rane Brake Lining Limited
866,CANTABIL,Cantabil Retail India Limited
867,ZENTEC,Zen Technologies Limited
868,TIPSINDLTD,TIPS Industries Limited
869,MUTHOOTCAP,Muthoot Capital Services Limited
870,NURECA,Nureca Limited
871,DYNAMATECH,Dynamatic Technologies Limited
872,PLASTIBLEN,Plastiblends India Limited
873,SPIC,Southern Petrochemicals Industries Corporation  Limited
874,UNIENTER,Uniphos Enterprises Limited
875,DYNPRO,Dynemic Products Limited
876,ALICON,Alicon Castalloy Limited
877,KUANTUM,Kuantum Papers Limited
878,DBREALTY,D B Realty Limited
879,SUMMITSEC,Summit Securities Limited
880,ANUP,The Anup Engineering Limited
881,DECCANCE,Deccan Cements Limited
882,DWARKESH,Dwarikesh Sugar Industries Limited
883,BALAJITELE,Balaji Telefilms Limited
884,HARITASEAT,Harita Seating Systems Limited
885,NATHBIOGEN,Nath Bio-Genes (India) Limited
886,KABRAEXTRU,Kabra Extrusion Technik Limited
887,VSSL,Vardhman Special Steels Limited
888,VHL,Vardhman Holdings Limited
889,NELCAST,Nelcast Limited
890,MUNJALSHOW,Munjal Showa Limited
891,RGL,Renaissance Global Limited
892,CENTENKA,Century Enka Limited
893,KOKUYOCMLN,Kokuyo Camlin Limited
894,RIIL,Reliance Industrial Infrastructure Limited
895,MIRZAINT,Mirza International Limited
896,PATELENG,Patel Engineering Limited
897,NSIL,Nalwa Sons Investments Limited
898,EXPLEOSOL,Expleo Solutions Limited
899,MUNJALAU,Munjal Auto Industries Limited
900,RAMKY,Ramky Infrastructure Limited
901,APCL,Anjani Portland Cement Limited
902,UNIDT,United Drilling Tools Limited
903,TWL,Titagarh Wagons Limited
904,GAYAPROJ,Gayatri Projects Limited
905,EBIXFOREX,EBIXCASH WORLD MONEY INDIA LIMITED
906,SHALPAINTS,Shalimar Paints Limited
907,BALAXI,BALAXI PHARMACEUTICALS LIMITED
908,ORIENTPPR,Orient Paper & Industries Limited
909,ARMANFIN,Arman Financial Services Limited
910,RML,Rane (Madras) Limited
911,AMBIKCO,Ambika Cotton Mills Limited
912,SALASAR,Salasar Techno Engineering Limited
913,TFCILTD,Tourism Finance Corporation of India Limited
914,JAYBARMARU,Jay Bharat Maruti Limited
915,INDRAMEDCO,Indraprastha Medical Corporation Limited
916,DHFL,Dewan Housing Finance Corporation Limited
917,SANDESH,The Sandesh Limited
918,CENTUM,Centum Electronics Limited
919,SUULD,Suumaya Industries Limited
920,HTMEDIA,HT Media Limited
921,ALLSEC,Allsec Technologies Limited
922,NBIFIN,N. B. I. Industrial Finance Company Limited
923,RICOAUTO,Rico Auto Industries Limited
924,STEELXIND,STEEL EXCHANGE INDIA LIMITED
925,THEINVEST,The Investment Trust Of India Limited
926,RCOM,Reliance Communications Limited
927,MONTECARLO,Monte Carlo Fashions Limited
928,NAVKARCORP,Navkar Corporation Limited
929,BINDALAGRO,Oswal Chemicals & Fertilizers Limited
930,TDPOWERSYS,TD Power Systems Limited
931,MANINDS,Man Industries (India) Limited
932,KOPRAN,Kopran Limited
933,NITINSPIN,Nitin Spinners Limited
934,LINCOLN,Lincoln Pharmaceuticals Limited
935,EVERESTIND,Everest Industries Limited
936,PRECWIRE,Precision Wires India Limited
937,SATIN,Satin Creditcare Network Limited
938,STCINDIA,The State Trading Corporation of India Limited
939,ASIANTILES,Asian Granito India Limited
940,VISHWARAJ,Vishwaraj Sugar Industries Limited
941,HMVL,Hindustan Media Ventures Limited
942,RSWM,RSWM Limited
943,TNPETRO,Tamilnadu PetroProducts Limited
944,UNIVCABLES,Universal Cables Limited
945,SANGHVIMOV,Sanghvi Movers Limited
946,SORILINFRA,SORIL Infra Resources Limited
947,HITECH,Hi-Tech Pipes Limited
948,GULPOLY,Gulshan Polyols Limited
949,UNITECH,Unitech Limited
950,NELCO,NELCO Limited
951,V2RETAIL,V2 Retail Limited
952,INDSWFTLAB,Ind-Swift Laboratories Limited
953,REPRO,Repro India Limited
954,SHREEPUSHK,Shree Pushkar Chemicals & Fertilisers Limited
955,BCG,Brightcom Group Limited
956,AJMERA,Ajmera Realty & Infra India Limited
957,NECLIFE,Nectar Lifesciences Limited
958,BLKASHYAP,B. L. Kashyap and Sons Limited
959,RUSHIL,Rushil Decor Limited
960,TBZ,Tribhovandas Bhimji Zaveri Limited
961,THEJO,Thejo Engineering Limited
962,HEXATRADEX,Hexa Tradex Limited
963,JAYAGROGN,Jayant Agro Organics Limited
964,ADORWELD,Ador Welding Limited
965,PILITA,PIL ITALICA LIFESTYLE LIMITED
966,MADRASFERT,Madras Fertilizers Limited
967,ORIENTHOT,Oriental Hotels Limited
968,TCPLPACK,TCPL Packaging Limited
969,SRHHYPOLTD,Sree Rayalaseema Hi-Strength Hypo Limited
970,JAIBALAJI,Jai Balaji Industries Limited
971,NRAIL,N R Agarwal Industries Limited
972,KANORICHEM,Kanoria Chemicals & Industries Limited
973,MAHEPC,Mahindra EPC Irrigation Limited
974,CONTROLPR,Control Print Limited
975,SPAL,S. P. Apparels Limited
976,ATULAUTO,Atul Auto Limited
977,HINDCOMPOS,Hindustan Composites Limited
978,SHRIRAMEPC,Shriram EPC Limited
979,KAYA,Kaya Limited
980,ROSSELLIND,Rossell India Limited
981,ZUARI,Zuari Agro Chemicals Limited
982,ASAHISONG,Asahi Songwon Colors Limited
983,IFBAGRO,IFB Agro Industries Limited
984,SAKSOFT,Saksoft Limited
985,PRECAM,Precision Camshafts Limited
986,NAGAFERT,Nagarjuna Fertilizers and Chemicals Limited
987,NAHARSPING,Nahar Spinning Mills Limited
988,KAMDHENU,Kamdhenu Limited
989,DHANBANK,Dhanlaxmi Bank Limited
990,DLINKINDIA,D-Link (India) Limited
991,PARSVNATH,Parsvnath Developers Limited
992,SCHAND,S Chand And Company Limited
993,PGIL,Pearl Global Industries Limited
994,AVADHSUGAR,Avadh Sugar & Energy Limited
995,SASTASUNDR,Sastasundar Ventures Limited
996,TI,Tilaknagar Industries Limited
997,NDTV,New Delhi Television Limited
998,HLVLTD,HLV LIMITED
999,FEL,Future Enterprises Limited
1000,DICIND,DIC India Limited
1001,JASH,Jash Engineering Limited
1002,VIMTALABS,Vimta Labs Limited
1003,HERCULES,Hercules Hoists Limited
1004,XELPMOC,Xelpmoc Design And Tech Limited
1005,AKASH,Akash Infra-Projects Limited
1006,GALLANTT,Gallantt Metal Limited
1007,VIPULLTD,Vipul Limited
1008,REPL,Rudrabhishek Enterprises Limited
1009,SREEL,Sreeleathers Limited
1010,GANDHITUBE,Gandhi Special Tubes Limited
1011,INFOBEAN,InfoBeans Technologies Limited
1012,UTTAMSUGAR,Uttam Sugar Mills Limited
1013,DVL,Dhunseri Ventures Limited
1014,MAXIND,Max India Limited
1015,ARVSMART,Arvind SmartSpaces Limited
1016,ZOTA,Zota Health Care LImited
1017,VENUSREM,Venus Remedies Limited
1018,VISHNU,Vishnu Chemicals Limited
1019,ZEELEARN,Zee Learn Limited
1020,GOKEX,Gokaldas Exports Limited
1021,KDDL,KDDL Limited
1022,CYBERTECH,Cybertech Systems And Software Limited
1023,URJA,Urja Global Limited
1024,MANAKSIA,Manaksia Limited
1025,VASCONEQ,Vascon Engineers Limited
1026,BAFNAPH,Bafna Pharmaceuticals Limited
1027,BIRLATYRE,Birla Tyres Limited
1028,VERTOZ,Vertoz Advertising Limited
1029,GENESYS,Genesys International Corporation Limited
1030,HITECHGEAR,The Hi-Tech Gears Limited
1031,SANGAMIND,Sangam (India) Limited
1032,63MOONS,63 moons technologies limited
1033,VLSFINANCE,VLS Finance Limited
1034,BGRENERGY,BGR Energy Systems Limited
1035,AURIONPRO,Aurionpro Solutions Limited
1036,HPL,HPL Electric & Power Limited
1037,UCALFUEL,Ucal Fuel Systems Limited
1038,MIRCELECTR,MIRC Electronics Limited
1039,SWELECTES,Swelect Energy Systems Limited
1040,PPL,Prakash Pipes Limited
1041,ASHIMASYN,Ashima Limited
1042,ZEEMEDIA,Zee Media Corporation Limited
1043,MENONBE,Menon Bearings Limited
1044,GKWLIMITED,GKW Limited
1045,VARDHACRLC,Vardhman Acrylics Limited
1046,ORIENTBELL,Orient Bell Limited
1047,GSCLCEMENT,Gujarat Sidhee Cement Limited
1048,HCL-INSYS,HCL Infosystems Limited
1049,ARTEMISMED,Artemis Medicare Services Limited
1050,MEP,MEP Infrastructure Developers Limited
1051,HINDNATGLS,Hindusthan National Glass & Industries Limited
1052,MARATHON,Marathon Nextgen Realty Limited
1053,MSPL,MSP Steel & Power Limited
1054,ORICONENT,Oricon Enterprises Limited
1055,JUBLINDS,Jubilant Industries Limited
1056,CUPID,Cupid Limited
1057,FSC,Future Supply Chain Solutions Limited
1058,PPAP,PPAP Automotive Limited
1059,RUBYMILLS,The Ruby Mills Limited
1060,GANESHHOUC,Ganesh Housing Corporation Limited
1061,NAHARPOLY,Nahar Poly Films Limited
1062,RELCAPITAL,Reliance Capital Limited
1063,GOKULAGRO,Gokul Agro Resources Limited
1064,NIPPOBATRY,Indo-National Limited
1065,KHADIM,Khadim India Limited
1066,ADVANIHOTR,Advani Hotels & Resorts (India) Limited
1067,AHLWEST,Asian Hotels (West) Limited
1068,DPABHUSHAN,D. P. Abhushan Limited
1069,JINDRILL,Jindal Drilling And Industries Limited
1070,BCLIND,Bcl Industries Limited
1071,THEMISMED,Themis Medicare Limited
1072,GUJAPOLLO,Gujarat Apollo Industries Limited
1073,HARRMALAYA,Harrisons  Malayalam Limited
1074,PTL,PTL Enterprises Limited
1075,CHEMBOND,Chembond Chemicals Ltd
1076,PROZONINTU,Prozone Intu Properties Limited
1077,SREINFRA,SREI Infrastructure Finance Limited
1078,GOACARBON,Goa Carbon Limited
1079,TALBROAUTO,Talbros Automotive Components Limited
1080,ORIENTABRA,Orient Abrasives Limited
1081,INVENTURE,Inventure Growth & Securities Limited
1082,RAMANEWS,Shree Rama Newsprint Limited
1083,MCL,Madhav Copper Limited
1084,LASA,Lasa Supergenerics Limited
1085,CREST,Crest Ventures Limited
1086,BRNL,Bharat Road Network Limited
1087,EROSMEDIA,Eros International Media Limited
1088,MODIRUBBER,Modi Rubber Limited
1089,WALCHANNAG,Walchandnagar Industries Limited
1090,TVSELECT,TVS Electronics Limited
1091,CAREERP,Career Point Limited
1092,ZUARIGLOB,Zuari Global Limited
1093,SECURKLOUD,SECUREKLOUD TECHNOLOGIES LIMITED
1094,KRISHANA,Krishana Phoschem Limited
1095,AYMSYNTEX,AYM Syntex Limited
1096,PENIND,Pennar Industries Limited
1097,BIRLAMONEY,Aditya Birla Money Limited
1098,PDMJEPAPER,Pudumjee Paper Products Limited
1099,KOTARISUG,Kothari Sugars And Chemicals Limited
1100,ALANKIT,Alankit Limited
1101,PENINLAND,Peninsula Land Limited
1102,GIRRESORTS,GIR Natureview Resorts Limited
1103,HDIL,Housing Development and Infrastructure Limited
1104,LINCPEN,Linc Pen & Plastics Limited
1105,JPINFRATEC,Jaypee Infratech Limited
1106,VETO,Veto Switchgears And Cables Limited
1107,MAHESHWARI,Maheshwari Logistics Limited
1108,ADSL,Allied Digital Services Limited
1109,RNAVAL,Reliance Naval and Engineering Limited
1110,TRIL,Transformers And Rectifiers (India) Limited
1111,OMINFRAL,OM INFRA LIMITED
1112,LIBERTSHOE,Liberty Shoes Limited
1113,MMP,MMP Industries Limited
1114,MBAPL,Madhya Bharat Agro Products Limited
1115,ALBERTDAVD,Albert David Limited
1116,BRFL,Bombay Rayon Fashions Limited
1117,VINYLINDIA,Vinyl Chemicals (India) Limited
1118,PITTIENG,Pitti Engineering Limited
1119,KHAICHEM,Khaitan Chemicals & Fertilizers Limited
1120,HITECHCORP,Hitech Corporation Limited
1121,GEECEE,GeeCee Ventures Limited
1122,SDBL,Som Distilleries & Breweries Limited
1123,SPTL,Sintex Plastics Technology Limited
1124,JAGSNPHARM,Jagsonpal Pharmaceuticals Limited
1125,ZODIACLOTH,Zodiac Clothing Company Limited
1126,MBLINFRA,MBL Infrastructures Limited
1127,BIL,Bhartiya International Limited
1128,KANPRPLA,Kanpur Plastipack Limited
1129,SILINV,SIL Investments Limited
1130,WANBURY,Wanbury Limited
1131,SINTERCOM,Sintercom India Limited
1132,SELAN,Selan Exploration Technology Limited
1133,SARLAPOLY,Sarla Performance Fibers Limited
1134,SINTEX,Sintex Industries Limited
1135,PODDARMENT,Poddar Pigments Limited
1136,MCLEODRUSS,Mcleod Russel India Limited
1137,WINDMACHIN,Windsor Machines Limited
1138,UFO,UFO Moviez India Limited
1139,HIRECT,Hind Rectifiers Limited
1140,REFEX,Refex Industries Limited
1141,SALZERELEC,Salzer Electronics Limited
1142,VIKASMCORP,Vikas Multicorp Limited
1143,UGARSUGAR,The Ugar Sugar Works Limited
1144,AIRAN,Airan Limited
1145,EIMCOELECO,Eimco Elecon (India) Limited
1146,BASML,Bannari Amman Spinning Mills Limited
1147,EIFFL,Euro India Fresh Foods Limited
1148,JAYSREETEA,Jayshree Tea & Industries Limited
1149,ASTRON,Astron Paper & Board Mill Limited
1150,TRIGYN,Trigyn Technologies Limited
1151,AKSHARCHEM,AksharChem India Limited
1152,APOLLO,Apollo Micro Systems Limited
1153,KOTHARIPRO,Kothari Products Limited
1154,MAJESCO,Majesco Limited
1155,STARPAPER,Star Paper Mills Limited
1156,SETCO,Setco Automotive Limited
1157,ONWARDTEC,Onward Technologies Limited
1158,GENCON,Generic Engineering Construction and Projects Limited
1159,CONSOFINVT,Consolidated Finvest & Holdings Limited
1160,GULFPETRO,GP Petroleums Limited
1161,SHIVATEX,Shiva Texyarn Limited
1162,GENUSPAPER,Genus Paper & Boards Limited
1163,AHLEAST,Asian Hotels (East) Limited
1164,BIRLACABLE,Birla Cable Limited
1165,MAZDA,Mazda Limited
1166,DTIL,Dhunseri Tea & Industries Limited
1167,SHIVAMAUTO,Shivam Autotech Limited
1168,GOKUL,Gokul Refoils and Solvent Limited
1169,SPECIALITY,Speciality Restaurants Limited
1170,CHEMFAB,Chemfab Alkalis Limited
1171,INSPIRISYS,Inspirisys Solutions Limited
1172,SHEMAROO,Shemaroo Entertainment Limited
1173,SAKAR,Sakar Healthcare Limited
1174,RANEENGINE,Rane Engine Valve Limited
1175,NAHARINDUS,Nahar Industrial Enterprises Limited
1176,NAHARCAP,Nahar Capital and Financial Services Limited
1177,SIMPLEXINF,Simplex Infrastructures Limited
1178,UNIVPHOTO,Universus Photo Imagings Limited
1179,ROHLTD,Royal Orchid Hotels Limited
1180,ABAN,Aban Offshore Limited
1181,BANSWRAS,Banswara Syntex Limited
1182,NILAINFRA,Nila Infrastructures Limited
1183,KREBSBIO,Krebs Biochemicals and Industries Limited
1184,KCPSUGIND,KCP Sugar and Industries Corporation Limited
1185,RAJTV,Raj Television Network Limited
1186,NIRAJ,Niraj Cement Structurals Limited
1187,PREMEXPLN,Premier Explosives Limited
1188,AGARIND,Agarwal Industrial Corporation Limited
1189,DHUNINV,Dhunseri Investments Limited
1190,BBTCL,B&B Triplewall Containers Limited
1191,ESSARSHPNG,Essar Shipping Limited
1192,EMKAY,Emkay Global Financial Services Limited
1193,DCMNVL,DCM Nouvelle Limited
1194,MANGALAM,Mangalam Drugs And Organics Limited
1195,ANDHRACEMT,Andhra Cements Limited
1196,ISMTLTD,ISMT Limited
1197,GREENPOWER,Orient Green Power Company Limited
1198,ORBTEXP,Orbit Exports Limited
1199,BIGBLOC,Bigbloc Construction Limited
1200,SHREYAS,Shreyas Shipping & Logistics Limited
1201,MANAKSTEEL,Manaksia Steels Limited
1202,DONEAR,Donear Industries Limited
1203,CAPTRUST,Capital Trust Limited
1204,BHARATWIRE,Bharat Wire Ropes Limited
1205,KOTHARIPET,Kothari Petrochemicals Limited
1206,3RDROCK,3rd Rock Multimedia Limited
1207,GOODLUCK,Goodluck India Limited
1208,TIL,TIL Limited
1209,WELINV,Welspun Investments and Commercials Limited
1210,BROOKS,Brooks Laboratories Limited
1211,STEL,Stel Holdings Limited
1212,NDL,Nandan Denim Limited
1213,PARACABLES,Paramount Communications Limited
1214,RUCHIRA,Ruchira Papers Limited
1215,AXISCADES,AXISCADES Technologies Limited
1216,ASPINWALL,Aspinwall and Company Limited
1217,SOUTHWEST,South West Pinnacle Exploration Limited
1218,UNITEDTEA,The United Nilgiri Tea Estates Company Limited
1219,SMSLIFE,SMS Lifesciences India Limited
1220,EMMBI,Emmbi Industries Limited
1221,RANASUG,Rana Sugars Limited
1222,APOLSINHOT,Apollo Sindoori Hotels Limited
1223,BSHSL,Bombay Super Hybrid Seeds Limited
1224,ARIHANTSUP,Arihant Superstructures Limited
1225,IRISDOREME,Iris Clothings Limited
1226,DPWIRES,D P Wires Limited
1227,REVATHI,Revathi Equipment Limited
1228,RKEC,RKEC Projects Limited
1229,PIONDIST,Pioneer Distilleries Limited
1230,MAGADSUGAR,Magadh Sugar & Energy Limited
1231,ELECTHERM,Electrotherm (India) Limited
1232,SHREYANIND,Shreyans Industries Limited
1233,MAWANASUG,Mawana Sugars Limited
1234,BHAGYANGR,Bhagyanagar India Limited
1235,HINDMOTORS,Hindustan Motors Limited
1236,NITCO,Nitco Limited
1237,SUNDRMBRAK,Sundaram Brake Linings Limited
1238,GINNIFILA,Ginni Filaments Limited
1239,VIDEOIND,Videocon Industries Limited
1240,OSWALAGRO,Oswal Agro Mills Limited
1241,CEBBCO,Commercial Engineers & Body Builders Co Limited
1242,BALLARPUR,Ballarpur Industries Limited
1243,SUPERHOUSE,Superhouse Limited
1244,MBECL,Mcnally Bharat Engineering Company Limited
1245,WEALTH,Wealth First Portfolio Managers Limited
1246,MARALOVER,Maral Overseas Limited
1247,VIVIMEDLAB,Vivimed Labs Limited
1248,EMKAYTOOLS,Emkay Taps and Cutting Tools Limited
1249,DENORA,De Nora India Limited
1250,ROML,Raj Oil Mills Limited
1251,ELGIRUBCO,Elgi Rubber Company Limited
1252,DANGEE,Dangee Dums Limited
1253,WEBELSOLAR,Websol Energy System Limited
1254,AAKASH,Aakash Exploration Services Limited
1255,KAKATCEM,Kakatiya Cement Sugar & Industries Limited
1256,UMANGDAIRY,Umang Dairies Limited
1257,PRECOT,Precot Limited
1258,CLEDUCATE,CL Educate Limited
1259,RPPINFRA,R.P.P. Infra Projects Limited
1260,JHS,JHS Svendgaard Laboratories Limited
1261,JOCIL,Jocil Limited
1262,PONNIERODE,Ponni Sugars (Erode) Limited
1263,SIL,Standard Industries Limited
1264,IITL,Industrial Investment Trust Limited
1265,AUTOIND,Autoline Industries Limited
1266,KILITCH,Kilitch Drugs (India) Limited
1267,INDTERRAIN,Indian Terrain Fashions Limited
1268,20MICRONS,20 Microns Limited
1269,JMTAUTOLTD,JMT Auto Limited
1270,SKMEGGPROD,SKM Egg Products Export (India) Limited
1271,SEYAIND,Seya Industries Limited
1272,MAHASTEEL,Mahamaya Steel Industries Limited
1273,PASHUPATI,Pashupati Cotspin Limited
1274,LOVABLE,Lovable Lingerie Limited
1275,JBFIND,JBF Industries Limited
1276,CREATIVE,Creative Peripherals and Distribution Limited
1277,RUCHINFRA,Ruchi Infrastructure Limited
1278,COMPINFO,Compuage Infocom Limited
1279,TPLPLASTEH,TPL Plastech Limited
1280,PENTAGOLD,Penta Gold Limited
1281,IVC,IL&FS Investment Managers Limited
1282,PODDARHOUS,Poddar Housing and Development Limited
1283,AHLADA,Ahlada Engineers Limited
1284,RAMASTEEL,Rama Steel Tubes Limited
1285,TOUCHWOOD,Touchwood Entertainment Limited
1286,RHFL,Reliance Home Finance Limited
1287,VIPCLOTHNG,VIP Clothing Limited
1288,ASIANHOTNR,Asian Hotels (North) Limited
1289,SHYAMCENT,Shyam Century Ferrous Limited
1290,BETA,Beta Drugs Limited
1291,MGEL,Mangalam Global Enterprise Limited
1292,MOLDTECH,Mold-Tek Technologies Limited
1293,TCIDEVELOP,TCI Developers Limited
1294,SHRENIK,Shrenik Limited
1295,DRCSYSTEMS,DRC Systems India Limited
1296,ALPHAGEO,Alphageo (India) Limited
1297,SAKUMA,Sakuma Exports Limited
1298,SAKHTISUG,Sakthi Sugars Limited
1299,NOIDATOLL,Noida Toll Bridge Company Limited
1300,NDRAUTO,Ndr Auto Components Limited
1301,SMARTLINK,Smartlink Holdings Limited
1302,HUBTOWN,Hubtown Limited
1303,BPL,BPL Limited
