,Date,Symbol,Series,Prev Close,Open,High,Low,Last,Close,date_year,date_month_no,date_month_name,date_day,date_dow,date_dow_name
0,2020-10-22,RELIANCE,EQ,2124.6,2127.4,2132.5,2091.0,2111.9,2106.95,2020,10,October,22,3,Thursday
1,2020-10-23,RELIANCE,EQ,2106.95,2106.0,2135.0,2096.4,2112.0,2113.05,2020,10,October,23,4,Friday
2,2020-10-26,RELIANCE,EQ,2113.05,2101.95,2101.95,2018.5,2034.9,2029.1,2020,10,October,26,0,Monday
3,2020-10-27,RELIANCE,EQ,2029.1,2034.9,2059.85,2005.0,2034.4,2034.5,2020,10,October,27,1,Tuesday
4,2020-10-28,RELIANCE,EQ,2034.5,2041.8,2057.7,2007.4,2008.9,2011.45,2020,10,October,28,2,Wednesday
5,2020-10-29,RELIANCE,EQ,2011.45,1997.0,2042.0,1991.0,2029.05,2026.9,2020,10,October,29,3,Thursday
6,2020-10-30,RELIANCE,EQ,2026.9,2033.5,2065.1,2021.8,2064.35,2054.5,2020,10,October,30,4,Friday
7,2020-11-02,RELIANCE,EQ,2054.5,2027.0,2027.0,1859.15,1876.0,1877.45,2020,11,November,2,0,Monday
8,2020-11-03,RELIANCE,EQ,1877.45,1890.0,1909.0,1835.1,1854.5,1850.4,2020,11,November,3,1,Tuesday
9,2020-11-04,RELIANCE,EQ,1850.4,1837.0,1929.0,1837.0,1910.5,1913.2,2020,11,November,4,2,Wednesday
10,2020-11-05,RELIANCE,EQ,1913.2,1954.95,1960.95,1932.0,1956.8,1955.0,2020,11,November,5,3,Thursday
11,2020-11-06,RELIANCE,EQ,1955.0,1990.0,2040.0,1978.15,2025.0,2029.15,2020,11,November,6,4,Friday
12,2020-11-09,RELIANCE,EQ,2029.15,2062.1,2069.0,2036.0,2051.0,2050.7,2020,11,November,9,0,Monday
13,2020-11-10,RELIANCE,EQ,2050.7,2077.0,2090.0,2041.2,2089.0,2084.55,2020,11,November,10,1,Tuesday
14,2020-11-11,RELIANCE,EQ,2084.55,2089.0,2095.0,1978.1,1999.8,1997.2,2020,11,November,11,2,Wednesday
15,2020-11-12,RELIANCE,EQ,1997.2,1981.0,2008.45,1965.0,1981.75,1980.0,2020,11,November,12,3,Thursday
16,2020-11-13,RELIANCE,EQ,1980.0,1982.0,2036.65,1981.75,2000.05,1996.4,2020,11,November,13,4,Friday
17,2020-11-14,RELIANCE,EQ,1996.4,2014.9,2015.3,1995.35,2001.55,2002.3,2020,11,November,14,5,Saturday
18,2020-11-17,RELIANCE,EQ,2002.3,2085.0,2085.0,1985.0,1994.8,1993.25,2020,11,November,17,1,Tuesday
19,2020-11-18,RELIANCE,EQ,1993.25,1993.25,2006.5,1960.1,1991.2,1987.2,2020,11,November,18,2,Wednesday
20,2020-11-19,RELIANCE,EQ,1987.2,1987.2,2010.45,1968.2,1972.0,1973.15,2020,11,November,19,3,Thursday
21,2020-11-20,RELIANCE,EQ,1973.15,1975.0,1983.8,1895.0,1901.0,1899.5,2020,11,November,20,4,Friday
22,2020-11-23,RELIANCE,EQ,1899.5,1951.0,1970.0,1926.25,1955.2,1950.7,2020,11,November,23,0,Monday
23,2020-11-24,RELIANCE,EQ,1950.7,1964.0,1974.0,1932.0,1971.05,1964.05,2020,11,November,24,1,Tuesday
24,2020-11-25,RELIANCE,EQ,1964.05,1980.0,1992.95,1942.2,1947.5,1947.8,2020,11,November,25,2,Wednesday
25,2020-11-26,RELIANCE,EQ,1947.8,1953.05,1965.0,1930.05,1957.0,1952.6,2020,11,November,26,3,Thursday
26,2020-11-27,RELIANCE,EQ,1952.6,1940.5,1956.1,1921.4,1940.5,1929.8,2020,11,November,27,4,Friday
27,2020-12-01,RELIANCE,EQ,1929.8,1940.35,1966.25,1930.05,1954.1,1954.9,2020,12,December,1,1,Tuesday
28,2020-12-02,RELIANCE,EQ,1954.9,1958.5,1962.0,1935.0,1959.0,1958.15,2020,12,December,2,2,Wednesday
29,2020-12-03,RELIANCE,EQ,1958.15,1972.0,1981.1,1958.65,1960.8,1964.05,2020,12,December,3,3,Thursday
30,2020-12-04,RELIANCE,EQ,1964.05,1969.0,1969.0,1940.0,1947.7,1946.75,2020,12,December,4,4,Friday
31,2020-12-07,RELIANCE,EQ,1946.75,1940.6,1965.0,1940.6,1958.35,1958.2,2020,12,December,7,0,Monday
32,2020-12-08,RELIANCE,EQ,1958.2,1961.15,2014.25,1950.0,1992.45,1993.75,2020,12,December,8,1,Tuesday
33,2020-12-09,RELIANCE,EQ,1993.75,2009.95,2033.8,1999.25,2026.0,2026.95,2020,12,December,9,2,Wednesday
34,2020-12-10,RELIANCE,EQ,2026.95,2021.6,2028.5,2001.0,2008.0,2007.0,2020,12,December,10,3,Thursday
35,2020-12-11,RELIANCE,EQ,2007.0,2013.0,2038.0,1974.25,1999.4,2005.8,2020,12,December,11,4,Friday
36,2020-12-14,RELIANCE,EQ,2005.8,2007.95,2015.0,1986.35,1993.5,1991.3,2020,12,December,14,0,Monday
37,2020-12-15,RELIANCE,EQ,1991.3,1989.7,1989.7,1961.1,1973.6,1974.35,2020,12,December,15,1,Tuesday
38,2020-12-16,RELIANCE,EQ,1974.35,1988.0,1994.95,1965.7,1977.55,1976.55,2020,12,December,16,2,Wednesday
39,2020-12-17,RELIANCE,EQ,1976.55,1984.5,2005.0,1977.15,1985.5,1985.6,2020,12,December,17,3,Thursday
40,2020-12-18,RELIANCE,EQ,1985.6,1980.1,2004.9,1965.0,1998.1,1991.55,2020,12,December,18,4,Friday
41,2020-12-21,RELIANCE,EQ,1991.55,2010.0,2022.0,1855.25,1935.0,1939.7,2020,12,December,21,0,Monday
42,2020-12-22,RELIANCE,EQ,1939.7,1949.0,1958.9,1888.45,1935.0,1936.7,2020,12,December,22,1,Tuesday
43,2020-12-23,RELIANCE,EQ,1936.7,1930.0,1951.45,1920.65,1947.0,1943.85,2020,12,December,23,2,Wednesday
44,2020-12-24,RELIANCE,EQ,1943.85,1947.0,1998.8,1945.9,1992.95,1994.15,2020,12,December,24,3,Thursday
45,2020-12-28,RELIANCE,EQ,1994.15,2006.7,2018.0,1995.3,2002.0,2003.3,2020,12,December,28,0,Monday
46,2020-12-29,RELIANCE,EQ,2003.3,2009.0,2012.3,1982.55,1987.0,1990.05,2020,12,December,29,1,Tuesday
47,2020-12-30,RELIANCE,EQ,1990.05,1995.25,2007.2,1975.55,1994.35,1995.5,2020,12,December,30,2,Wednesday
48,2020-12-31,RELIANCE,EQ,1995.5,1993.5,2011.9,1978.6,1981.8,1985.3,2020,12,December,31,3,Thursday
49,2021-01-01,RELIANCE,EQ,1985.3,1988.0,1997.0,1982.0,1988.0,1987.5,2021,1,January,1,4,Friday
50,2021-01-04,RELIANCE,EQ,1987.5,1995.1,1998.9,1968.0,1990.25,1990.85,2021,1,January,4,0,Monday
51,2021-01-05,RELIANCE,EQ,1990.85,1969.0,1983.6,1956.0,1965.0,1966.1,2021,1,January,5,1,Tuesday
52,2021-01-06,RELIANCE,EQ,1966.1,1965.9,1966.0,1905.15,1915.5,1914.25,2021,1,January,6,2,Wednesday
53,2021-01-07,RELIANCE,EQ,1914.25,1920.5,1945.0,1905.15,1912.8,1911.15,2021,1,January,7,3,Thursday
54,2021-01-08,RELIANCE,EQ,1911.15,1918.0,1938.4,1912.1,1934.0,1933.7,2021,1,January,8,4,Friday
55,2021-01-11,RELIANCE,EQ,1933.7,1938.8,1938.8,1892.5,1899.0,1897.25,2021,1,January,11,0,Monday
56,2021-01-12,RELIANCE,EQ,1897.25,1903.0,1960.0,1899.9,1955.5,1957.05,2021,1,January,12,1,Tuesday
57,2021-01-13,RELIANCE,EQ,1957.05,1963.55,1974.95,1918.45,1936.0,1938.8,2021,1,January,13,2,Wednesday
58,2021-01-14,RELIANCE,EQ,1938.8,1945.0,1966.9,1939.05,1958.1,1960.6,2021,1,January,14,3,Thursday
59,2021-01-15,RELIANCE,EQ,1960.6,1960.6,1973.8,1920.05,1937.9,1937.45,2021,1,January,15,4,Friday
60,2021-01-18,RELIANCE,EQ,1937.45,1949.1,1997.0,1923.35,1972.8,1983.95,2021,1,January,18,0,Monday
61,2021-01-19,RELIANCE,EQ,1983.95,1994.65,2031.0,1994.65,2015.0,2016.4,2021,1,January,19,1,Tuesday
62,2021-01-20,RELIANCE,EQ,2016.4,2021.4,2058.0,2001.4,2053.0,2054.7,2021,1,January,20,2,Wednesday
63,2021-01-21,RELIANCE,EQ,2054.7,2082.0,2120.0,2075.0,2107.0,2099.4,2021,1,January,21,3,Thursday
64,2021-01-22,RELIANCE,EQ,2099.4,2111.0,2115.35,2035.15,2047.95,2049.6,2021,1,January,22,4,Friday
65,2021-01-25,RELIANCE,EQ,2049.6,2034.95,2034.95,1932.0,1935.15,1941.0,2021,1,January,25,0,Monday
66,2021-01-27,RELIANCE,EQ,1941.0,1925.0,1925.0,1888.0,1890.0,1895.0,2021,1,January,27,2,Wednesday
67,2021-01-28,RELIANCE,EQ,1895.0,1880.15,1923.3,1870.0,1876.35,1876.55,2021,1,January,28,3,Thursday
68,2021-01-29,RELIANCE,EQ,1876.55,1894.3,1913.1,1830.0,1844.95,1841.95,2021,1,January,29,4,Friday
69,2021-02-01,RELIANCE,EQ,1841.95,1859.4,1905.0,1848.0,1898.15,1895.3,2021,2,February,1,0,Monday
70,2021-02-02,RELIANCE,EQ,1895.3,1914.25,1940.0,1854.95,1936.0,1925.8,2021,2,February,2,1,Tuesday
71,2021-02-03,RELIANCE,EQ,1925.8,1928.3,1952.0,1900.0,1928.5,1930.65,2021,2,February,3,2,Wednesday
72,2021-02-04,RELIANCE,EQ,1930.65,1924.0,1940.0,1905.0,1921.5,1924.3,2021,2,February,4,3,Thursday
73,2021-02-05,RELIANCE,EQ,1924.3,1930.05,1944.65,1920.0,1924.3,1923.75,2021,2,February,5,4,Friday
74,2021-02-08,RELIANCE,EQ,1923.75,1933.05,1969.0,1929.05,1951.4,1951.45,2021,2,February,8,0,Monday
75,2021-02-09,RELIANCE,EQ,1951.45,1961.95,1989.6,1952.3,1954.5,1956.15,2021,2,February,9,1,Tuesday
76,2021-02-10,RELIANCE,EQ,1956.15,1953.75,1984.75,1927.3,1980.35,1974.3,2021,2,February,10,2,Wednesday
77,2021-02-11,RELIANCE,EQ,1974.3,1980.0,2064.2,1972.25,2061.8,2055.7,2021,2,February,11,3,Thursday
78,2021-02-12,RELIANCE,EQ,2055.7,2055.5,2078.0,2015.4,2040.0,2041.6,2021,2,February,12,4,Friday
79,2021-02-15,RELIANCE,EQ,2041.6,2048.05,2061.3,2025.0,2034.0,2032.6,2021,2,February,15,0,Monday
80,2021-02-16,RELIANCE,EQ,2032.6,2039.75,2079.4,2035.0,2058.5,2059.5,2021,2,February,16,1,Tuesday
81,2021-02-17,RELIANCE,EQ,2059.5,2060.0,2095.95,2050.6,2079.2,2083.25,2021,2,February,17,2,Wednesday
82,2021-02-18,RELIANCE,EQ,2083.25,2085.0,2108.4,2059.1,2063.5,2067.7,2021,2,February,18,3,Thursday
83,2021-02-19,RELIANCE,EQ,2067.7,2057.0,2104.95,2053.3,2080.0,2080.3,2021,2,February,19,4,Friday
84,2021-02-22,RELIANCE,EQ,2080.3,2080.0,2089.9,1994.95,1999.1,2008.1,2021,2,February,22,0,Monday
85,2021-02-23,RELIANCE,EQ,2008.1,2048.0,2052.9,2013.6,2026.15,2023.45,2021,2,February,23,1,Tuesday
86,2021-02-24,RELIANCE,EQ,2023.45,2030.0,2065.25,2026.15,2060.55,2061.0,2021,2,February,24,2,Wednesday
87,2021-02-25,RELIANCE,EQ,2061.0,2076.0,2152.0,2073.0,2147.0,2144.35,2021,2,February,25,3,Thursday
88,2021-02-26,RELIANCE,EQ,2144.35,2117.0,2133.9,2070.7,2079.5,2085.8,2021,2,February,26,4,Friday
89,2021-03-01,RELIANCE,EQ,2085.8,2110.2,2112.0,2062.5,2103.0,2101.7,2021,3,March,1,0,Monday
90,2021-03-02,RELIANCE,EQ,2101.7,2122.0,2130.0,2089.1,2108.0,2106.0,2021,3,March,2,1,Tuesday
91,2021-03-03,RELIANCE,EQ,2106.0,2121.05,2219.9,2107.2,2207.1,2202.1,2021,3,March,3,2,Wednesday
92,2021-03-04,RELIANCE,EQ,2202.1,2180.0,2189.95,2157.7,2174.0,2175.85,2021,3,March,4,3,Thursday
93,2021-03-05,RELIANCE,EQ,2175.85,2156.0,2211.95,2153.05,2174.55,2178.7,2021,3,March,5,4,Friday
94,2021-03-08,RELIANCE,EQ,2178.7,2168.5,2231.9,2168.0,2193.0,2191.1,2021,3,March,8,0,Monday
95,2021-03-09,RELIANCE,EQ,2191.1,2200.0,2213.8,2146.6,2190.55,2191.05,2021,3,March,9,1,Tuesday
96,2021-03-10,RELIANCE,EQ,2191.05,2207.0,2215.1,2170.25,2179.4,2181.95,2021,3,March,10,2,Wednesday
97,2021-03-12,RELIANCE,EQ,2181.95,2195.0,2206.4,2123.9,2136.9,2137.6,2021,3,March,12,4,Friday
98,2021-03-15,RELIANCE,EQ,2137.6,2140.05,2148.9,2080.5,2105.0,2108.9,2021,3,March,15,0,Monday
99,2021-03-16,RELIANCE,EQ,2108.9,2114.0,2126.0,2095.5,2100.75,2100.6,2021,3,March,16,1,Tuesday
100,2021-03-17,RELIANCE,EQ,2100.6,2098.05,2103.0,2035.1,2054.5,2055.35,2021,3,March,17,2,Wednesday
101,2021-03-18,RELIANCE,EQ,2055.35,2072.9,2084.8,2001.0,2010.0,2009.1,2021,3,March,18,3,Thursday
102,2021-03-19,RELIANCE,EQ,2009.1,1991.0,2095.85,1982.8,2078.1,2082.0,2021,3,March,19,4,Friday
103,2021-03-22,RELIANCE,EQ,2082.0,2071.0,2074.0,2033.2,2061.0,2062.4,2021,3,March,22,0,Monday
104,2021-03-23,RELIANCE,EQ,2062.4,2061.95,2109.7,2056.0,2079.9,2087.5,2021,3,March,23,1,Tuesday
105,2021-03-24,RELIANCE,EQ,2087.5,2079.75,2079.75,2040.4,2048.55,2047.3,2021,3,March,24,2,Wednesday
106,2021-03-25,RELIANCE,EQ,2047.3,2054.0,2054.0,1985.0,1993.95,1991.45,2021,3,March,25,3,Thursday
107,2021-03-26,RELIANCE,EQ,1991.45,2012.0,2013.7,1973.7,1994.0,1994.65,2021,3,March,26,4,Friday
108,2021-03-30,RELIANCE,EQ,1994.65,2008.0,2048.9,1991.55,2031.9,2029.3,2021,3,March,30,1,Tuesday
109,2021-03-31,RELIANCE,EQ,2029.3,2018.0,2049.9,1999.0,2005.65,2003.1,2021,3,March,31,2,Wednesday
110,2021-04-01,RELIANCE,EQ,2003.1,2018.0,2030.0,2003.15,2020.0,2021.85,2021,4,April,1,3,Thursday
111,2021-04-05,RELIANCE,EQ,2021.85,2024.95,2025.0,1962.1,1992.0,1992.6,2021,4,April,5,0,Monday
112,2021-04-06,RELIANCE,EQ,1992.6,2004.0,2004.95,1969.0,1986.2,1984.3,2021,4,April,6,1,Tuesday
113,2021-04-07,RELIANCE,EQ,1984.3,2000.0,2046.9,1993.3,2001.55,2002.85,2021,4,April,7,2,Wednesday
114,2021-04-08,RELIANCE,EQ,2002.85,2011.0,2022.0,1993.0,2006.4,2005.35,2021,4,April,8,3,Thursday
115,2021-04-09,RELIANCE,EQ,2005.35,1998.45,2006.35,1980.0,1983.45,1982.05,2021,4,April,9,4,Friday
116,2021-04-12,RELIANCE,EQ,1982.05,1959.0,1961.4,1900.25,1915.65,1911.15,2021,4,April,12,0,Monday
117,2021-04-13,RELIANCE,EQ,1911.15,1924.0,1940.6,1917.85,1932.3,1931.8,2021,4,April,13,1,Tuesday
118,2021-04-15,RELIANCE,EQ,1931.8,1926.3,1961.0,1913.0,1943.0,1944.3,2021,4,April,15,3,Thursday
119,2021-04-16,RELIANCE,EQ,1944.3,1936.6,1949.9,1926.45,1929.0,1932.1,2021,4,April,16,4,Friday
120,2021-04-19,RELIANCE,EQ,1932.1,1904.0,1916.4,1890.0,1903.05,1901.7,2021,4,April,19,0,Monday
121,2021-04-20,RELIANCE,EQ,1901.7,1910.5,1919.0,1890.45,1905.0,1901.15,2021,4,April,20,1,Tuesday
122,2021-04-22,RELIANCE,EQ,1901.15,1892.25,1914.45,1876.7,1905.1,1906.4,2021,4,April,22,3,Thursday
123,2021-04-23,RELIANCE,EQ,1906.4,1906.0,1918.9,1895.35,1903.35,1904.35,2021,4,April,23,4,Friday
124,2021-04-26,RELIANCE,EQ,1904.35,1920.0,1962.0,1911.5,1938.0,1937.85,2021,4,April,26,0,Monday
125,2021-04-27,RELIANCE,EQ,1937.85,1940.0,1997.2,1938.25,1990.0,1988.65,2021,4,April,27,1,Tuesday
126,2021-04-28,RELIANCE,EQ,1988.65,1997.85,2008.0,1980.15,1993.15,1997.3,2021,4,April,28,2,Wednesday
127,2021-04-29,RELIANCE,EQ,1997.3,2022.9,2044.5,2007.3,2020.0,2024.05,2021,4,April,29,3,Thursday
128,2021-04-30,RELIANCE,EQ,2024.05,2008.5,2036.0,1987.55,1995.9,1994.5,2021,4,April,30,4,Friday
129,2021-05-03,RELIANCE,EQ,1994.5,1966.0,1979.0,1943.1,1956.0,1959.05,2021,5,May,3,0,Monday
130,2021-05-04,RELIANCE,EQ,1959.05,1950.0,1967.8,1911.0,1918.0,1916.6,2021,5,May,4,1,Tuesday
131,2021-05-05,RELIANCE,EQ,1916.6,1923.35,1938.5,1908.05,1921.5,1920.1,2021,5,May,5,2,Wednesday
132,2021-05-06,RELIANCE,EQ,1920.1,1921.85,1935.0,1906.6,1932.0,1931.0,2021,5,May,6,3,Thursday
133,2021-05-07,RELIANCE,EQ,1931.0,1937.75,1955.65,1926.0,1926.8,1931.75,2021,5,May,7,4,Friday
134,2021-05-10,RELIANCE,EQ,1931.75,1939.0,1946.8,1920.95,1927.1,1926.2,2021,5,May,10,0,Monday
135,2021-05-11,RELIANCE,EQ,1926.2,1915.0,1938.55,1910.0,1933.9,1933.15,2021,5,May,11,1,Tuesday
136,2021-05-12,RELIANCE,EQ,1933.15,1930.1,1932.9,1907.0,1913.05,1913.15,2021,5,May,12,2,Wednesday
137,2021-05-14,RELIANCE,EQ,1913.15,1928.05,1942.0,1906.0,1937.0,1937.3,2021,5,May,14,4,Friday
138,2021-05-17,RELIANCE,EQ,1937.3,1937.3,1963.45,1930.4,1958.85,1960.35,2021,5,May,17,0,Monday
139,2021-05-18,RELIANCE,EQ,1960.35,1981.0,2002.6,1972.5,1986.0,1987.95,2021,5,May,18,1,Tuesday
140,2021-05-19,RELIANCE,EQ,1987.95,1980.0,2016.45,1972.0,1993.0,1997.05,2021,5,May,19,2,Wednesday
141,2021-05-20,RELIANCE,EQ,1997.05,1997.9,2010.9,1981.0,1982.0,1985.4,2021,5,May,20,3,Thursday
142,2021-05-21,RELIANCE,EQ,1985.4,1992.0,2009.6,1986.0,1999.6,2002.55,2021,5,May,21,4,Friday
143,2021-05-24,RELIANCE,EQ,2002.55,2008.0,2009.8,1982.0,1985.05,1985.65,2021,5,May,24,0,Monday
144,2021-05-25,RELIANCE,EQ,1985.65,1996.4,1997.0,1960.0,1964.0,1963.15,2021,5,May,25,1,Tuesday
145,2021-05-26,RELIANCE,EQ,1963.15,1975.0,1979.5,1965.3,1967.0,1970.05,2021,5,May,26,2,Wednesday
146,2021-05-27,RELIANCE,EQ,1970.05,1970.3,1993.0,1962.25,1990.0,1976.1,2021,5,May,27,3,Thursday
147,2021-05-28,RELIANCE,EQ,1976.1,1990.0,2105.0,1990.0,2094.45,2094.8,2021,5,May,28,4,Friday
148,2021-05-31,RELIANCE,EQ,2094.8,2102.0,2191.7,2085.05,2153.5,2160.3,2021,5,May,31,0,Monday
149,2021-06-01,RELIANCE,EQ,2160.3,2166.0,2202.0,2146.5,2164.3,2168.9,2021,6,June,1,1,Tuesday
150,2021-06-02,RELIANCE,EQ,2168.9,2157.0,2209.5,2157.0,2207.0,2201.25,2021,6,June,2,2,Wednesday
151,2021-06-03,RELIANCE,EQ,2201.25,2221.0,2250.0,2196.1,2208.0,2209.65,2021,6,June,3,3,Thursday
152,2021-06-04,RELIANCE,EQ,2209.65,2214.8,2216.45,2184.25,2186.9,2190.5,2021,6,June,4,4,Friday
153,2021-06-07,RELIANCE,EQ,2190.5,2202.0,2242.0,2185.0,2225.05,2227.4,2021,6,June,7,0,Monday
154,2021-06-08,RELIANCE,EQ,2227.4,2226.6,2227.15,2198.15,2211.5,2214.6,2021,6,June,8,1,Tuesday
155,2021-06-09,RELIANCE,EQ,2214.6,2219.0,2221.0,2157.95,2178.0,2175.0,2021,6,June,9,2,Wednesday
156,2021-06-10,RELIANCE,EQ,2175.0,2193.4,2230.0,2177.55,2184.8,2183.0,2021,6,June,10,3,Thursday
157,2021-06-11,RELIANCE,EQ,2183.0,2182.9,2228.0,2180.1,2215.8,2213.15,2021,6,June,11,4,Friday
158,2021-06-14,RELIANCE,EQ,2213.15,2215.0,2258.25,2195.05,2245.0,2244.9,2021,6,June,14,0,Monday
159,2021-06-15,RELIANCE,EQ,2244.9,2261.0,2274.9,2240.3,2244.0,2250.0,2021,6,June,15,1,Tuesday
160,2021-06-16,RELIANCE,EQ,2250.0,2244.9,2247.05,2205.85,2209.55,2211.6,2021,6,June,16,2,Wednesday
161,2021-06-17,RELIANCE,EQ,2211.6,2200.0,2235.0,2179.9,2214.15,2215.65,2021,6,June,17,3,Thursday
162,2021-06-18,RELIANCE,EQ,2215.65,2225.5,2235.0,2184.35,2224.15,2225.65,2021,6,June,18,4,Friday
163,2021-06-21,RELIANCE,EQ,2225.65,2203.5,2247.5,2200.15,2238.95,2237.25,2021,6,June,21,0,Monday
164,2021-06-22,RELIANCE,EQ,2237.25,2254.0,2261.0,2219.35,2225.0,2225.75,2021,6,June,22,1,Tuesday
165,2021-06-23,RELIANCE,EQ,2225.75,2250.0,2250.6,2201.7,2208.15,2205.35,2021,6,June,23,2,Wednesday
166,2021-06-24,RELIANCE,EQ,2205.35,2206.85,2214.6,2140.0,2147.8,2153.5,2021,6,June,24,3,Thursday
167,2021-06-25,RELIANCE,EQ,2153.5,2153.5,2153.5,2081.1,2104.5,2104.45,2021,6,June,25,4,Friday
168,2021-06-28,RELIANCE,EQ,2104.45,2122.0,2126.5,2081.0,2089.0,2086.0,2021,6,June,28,0,Monday
169,2021-06-29,RELIANCE,EQ,2086.0,2089.5,2109.0,2084.1,2090.0,2087.8,2021,6,June,29,1,Tuesday
170,2021-06-30,RELIANCE,EQ,2087.8,2096.25,2122.65,2091.05,2112.0,2110.65,2021,6,June,30,2,Wednesday
171,2021-07-01,RELIANCE,EQ,2110.65,2118.0,2123.15,2095.0,2101.5,2097.95,2021,7,July,1,3,Thursday
172,2021-07-02,RELIANCE,EQ,2097.95,2097.0,2132.9,2092.95,2131.55,2129.05,2021,7,July,2,4,Friday
173,2021-07-05,RELIANCE,EQ,2129.05,2136.45,2153.55,2131.5,2150.0,2150.2,2021,7,July,5,0,Monday
174,2021-07-06,RELIANCE,EQ,2150.2,2144.95,2148.9,2120.2,2127.85,2124.8,2021,7,July,6,1,Tuesday
175,2021-07-07,RELIANCE,EQ,2124.8,2127.75,2127.75,2098.0,2112.0,2110.05,2021,7,July,7,2,Wednesday
176,2021-07-08,RELIANCE,EQ,2110.05,2116.95,2116.95,2081.0,2091.0,2092.6,2021,7,July,8,3,Thursday
177,2021-07-09,RELIANCE,EQ,2092.6,2088.0,2091.7,2066.1,2071.95,2071.2,2021,7,July,9,4,Friday
178,2021-07-12,RELIANCE,EQ,2071.2,2079.75,2101.5,2074.5,2081.95,2084.1,2021,7,July,12,0,Monday
179,2021-07-13,RELIANCE,EQ,2084.1,2100.0,2103.05,2088.05,2099.0,2099.7,2021,7,July,13,1,Tuesday
180,2021-07-14,RELIANCE,EQ,2099.7,2100.35,2106.85,2081.25,2083.55,2086.0,2021,7,July,14,2,Wednesday
181,2021-07-15,RELIANCE,EQ,2086.0,2095.0,2095.0,2078.5,2080.75,2082.35,2021,7,July,15,3,Thursday
182,2021-07-16,RELIANCE,EQ,2082.35,2087.75,2114.75,2087.6,2110.0,2112.4,2021,7,July,16,4,Friday
183,2021-07-19,RELIANCE,EQ,2112.4,2100.0,2124.0,2092.25,2097.95,2098.95,2021,7,July,19,0,Monday
184,2021-07-20,RELIANCE,EQ,2098.95,2099.5,2108.0,2084.0,2089.95,2093.8,2021,7,July,20,1,Tuesday
185,2021-07-22,RELIANCE,EQ,2093.8,2119.0,2123.9,2098.15,2121.5,2120.7,2021,7,July,22,3,Thursday
186,2021-07-23,RELIANCE,EQ,2120.7,2134.45,2134.45,2102.05,2104.0,2105.7,2021,7,July,23,4,Friday
187,2021-07-26,RELIANCE,EQ,2105.7,2108.0,2121.0,2071.1,2073.9,2076.85,2021,7,July,26,0,Monday
188,2021-07-27,RELIANCE,EQ,2076.85,2076.8,2083.7,2042.0,2054.0,2055.0,2021,7,July,27,1,Tuesday
189,2021-07-28,RELIANCE,EQ,2055.0,2058.0,2058.0,2016.25,2035.0,2037.35,2021,7,July,28,2,Wednesday
190,2021-07-29,RELIANCE,EQ,2037.35,2054.0,2074.4,2043.4,2054.3,2053.25,2021,7,July,29,3,Thursday
191,2021-07-30,RELIANCE,EQ,2053.25,2058.0,2067.95,2031.1,2037.0,2035.3,2021,7,July,30,4,Friday
192,2021-08-02,RELIANCE,EQ,2035.3,2054.3,2079.4,2041.15,2068.5,2072.5,2021,8,August,2,0,Monday
193,2021-08-03,RELIANCE,EQ,2072.5,2090.0,2091.0,2064.2,2090.0,2087.75,2021,8,August,3,1,Tuesday
194,2021-08-04,RELIANCE,EQ,2087.75,2094.4,2114.0,2087.0,2105.0,2103.75,2021,8,August,4,2,Wednesday
195,2021-08-05,RELIANCE,EQ,2103.75,2114.3,2154.8,2104.25,2131.0,2134.25,2021,8,August,5,3,Thursday
196,2021-08-06,RELIANCE,EQ,2134.25,2129.95,2146.95,2078.75,2090.0,2089.05,2021,8,August,6,4,Friday
197,2021-08-09,RELIANCE,EQ,2089.05,2081.0,2089.8,2066.5,2078.5,2077.15,2021,8,August,9,0,Monday
198,2021-08-10,RELIANCE,EQ,2077.15,2082.0,2113.0,2073.75,2085.0,2088.05,2021,8,August,10,1,Tuesday
199,2021-08-11,RELIANCE,EQ,2088.05,2096.95,2120.0,2083.4,2115.0,2117.3,2021,8,August,11,2,Wednesday
200,2021-08-12,RELIANCE,EQ,2117.3,2124.9,2126.2,2105.0,2109.8,2110.5,2021,8,August,12,3,Thursday
201,2021-08-13,RELIANCE,EQ,2110.5,2117.3,2149.9,2108.95,2143.0,2145.65,2021,8,August,13,4,Friday
202,2021-08-16,RELIANCE,EQ,2145.65,2149.35,2203.0,2128.15,2169.0,2173.5,2021,8,August,16,0,Monday
203,2021-08-17,RELIANCE,EQ,2173.5,2168.85,2185.2,2147.85,2163.0,2164.25,2021,8,August,17,1,Tuesday
204,2021-08-18,RELIANCE,EQ,2164.25,2174.0,2186.8,2152.6,2168.0,2172.65,2021,8,August,18,2,Wednesday
205,2021-08-20,RELIANCE,EQ,2172.65,2143.0,2172.0,2137.0,2140.1,2148.25,2021,8,August,20,4,Friday
206,2021-08-23,RELIANCE,EQ,2148.25,2174.0,2174.0,2132.3,2161.15,2162.35,2021,8,August,23,0,Monday
207,2021-08-24,RELIANCE,EQ,2162.35,2165.05,2192.0,2155.6,2178.0,2183.7,2021,8,August,24,1,Tuesday
208,2021-08-25,RELIANCE,EQ,2183.7,2185.4,2220.0,2180.1,2201.0,2202.6,2021,8,August,25,2,Wednesday
209,2021-08-26,RELIANCE,EQ,2202.6,2208.0,2244.9,2205.0,2232.0,2230.45,2021,8,August,26,3,Thursday
210,2021-08-27,RELIANCE,EQ,2230.45,2237.0,2242.75,2216.05,2225.0,2227.4,2021,8,August,27,4,Friday
211,2021-08-30,RELIANCE,EQ,2227.4,2250.0,2275.85,2236.8,2273.75,2270.25,2021,8,August,30,0,Monday
212,2021-08-31,RELIANCE,EQ,2270.25,2276.9,2283.75,2242.25,2257.0,2258.15,2021,8,August,31,1,Tuesday
213,2021-09-01,RELIANCE,EQ,2258.15,2273.0,2292.9,2263.0,2266.0,2267.1,2021,9,September,1,2,Wednesday
214,2021-09-02,RELIANCE,EQ,2267.1,2255.0,2307.8,2255.0,2293.0,2294.4,2021,9,September,2,3,Thursday
215,2021-09-03,RELIANCE,EQ,2294.4,2310.0,2395.0,2302.5,2389.65,2388.5,2021,9,September,3,4,Friday
216,2021-09-06,RELIANCE,EQ,2388.5,2413.0,2480.0,2412.0,2429.0,2425.6,2021,9,September,6,0,Monday
217,2021-09-07,RELIANCE,EQ,2425.6,2430.0,2458.0,2412.0,2439.0,2440.9,2021,9,September,7,1,Tuesday
218,2021-09-08,RELIANCE,EQ,2440.9,2452.0,2454.0,2406.65,2430.0,2431.35,2021,9,September,8,2,Wednesday
219,2021-09-09,RELIANCE,EQ,2431.35,2427.9,2437.85,2416.1,2424.1,2425.6,2021,9,September,9,3,Thursday
220,2021-09-13,RELIANCE,EQ,2425.6,2433.0,2433.0,2368.05,2369.8,2371.55,2021,9,September,13,0,Monday
221,2021-09-14,RELIANCE,EQ,2371.55,2375.0,2394.0,2366.0,2370.5,2368.45,2021,9,September,14,1,Tuesday
222,2021-09-15,RELIANCE,EQ,2368.45,2368.5,2395.75,2368.5,2379.4,2378.3,2021,9,September,15,2,Wednesday
223,2021-09-16,RELIANCE,EQ,2378.3,2381.55,2436.75,2367.0,2424.0,2428.2,2021,9,September,16,3,Thursday
224,2021-09-17,RELIANCE,EQ,2428.2,2446.0,2455.85,2375.6,2387.0,2390.55,2021,9,September,17,4,Friday
225,2021-09-20,RELIANCE,EQ,2390.55,2372.1,2418.35,2370.0,2391.85,2394.35,2021,9,September,20,0,Monday
226,2021-09-21,RELIANCE,EQ,2394.35,2405.0,2416.6,2384.0,2400.0,2404.7,2021,9,September,21,1,Tuesday
227,2021-09-22,RELIANCE,EQ,2404.7,2408.0,2442.0,2398.25,2430.8,2430.5,2021,9,September,22,2,Wednesday
228,2021-09-23,RELIANCE,EQ,2430.5,2447.4,2497.0,2445.5,2488.1,2489.9,2021,9,September,23,3,Thursday
229,2021-09-24,RELIANCE,EQ,2489.9,2503.55,2505.45,2472.0,2479.0,2482.7,2021,9,September,24,4,Friday
230,2021-09-27,RELIANCE,EQ,2482.7,2487.0,2529.9,2475.3,2527.0,2524.45,2021,9,September,27,0,Monday
231,2021-09-28,RELIANCE,EQ,2524.45,2534.0,2564.9,2512.8,2545.0,2548.05,2021,9,September,28,1,Tuesday
232,2021-09-29,RELIANCE,EQ,2548.05,2570.0,2570.0,2520.05,2530.0,2527.85,2021,9,September,29,2,Wednesday
233,2021-09-30,RELIANCE,EQ,2527.85,2525.0,2534.6,2500.35,2511.0,2519.25,2021,9,September,30,3,Thursday
234,2021-10-01,RELIANCE,EQ,2519.25,2501.95,2539.8,2495.0,2525.0,2523.7,2021,10,October,1,4,Friday
235,2021-10-04,RELIANCE,EQ,2523.7,2553.0,2574.85,2537.05,2558.0,2556.15,2021,10,October,4,0,Monday
236,2021-10-05,RELIANCE,EQ,2556.15,2555.1,2612.0,2547.35,2610.25,2609.2,2021,10,October,5,1,Tuesday
237,2021-10-06,RELIANCE,EQ,2609.2,2619.95,2619.95,2551.1,2554.0,2559.85,2021,10,October,6,2,Wednesday
238,2021-10-07,RELIANCE,EQ,2559.85,2595.0,2598.75,2567.7,2572.0,2572.4,2021,10,October,7,3,Thursday
239,2021-10-08,RELIANCE,EQ,2572.4,2585.25,2684.4,2581.5,2669.2,2671.25,2021,10,October,8,4,Friday
240,2021-10-11,RELIANCE,EQ,2671.25,2701.4,2720.0,2645.35,2655.0,2652.65,2021,10,October,11,0,Monday
241,2021-10-12,RELIANCE,EQ,2652.65,2645.0,2683.0,2641.25,2668.0,2667.8,2021,10,October,12,1,Tuesday
242,2021-10-13,RELIANCE,EQ,2667.8,2679.0,2719.5,2669.3,2698.0,2694.95,2021,10,October,13,2,Wednesday
243,2021-10-14,RELIANCE,EQ,2694.95,2700.35,2717.45,2687.2,2701.0,2700.4,2021,10,October,14,3,Thursday
244,2021-10-18,RELIANCE,EQ,2700.4,2668.6,2745.0,2662.3,2707.8,2707.6,2021,10,October,18,0,Monday
245,2021-10-19,RELIANCE,EQ,2707.6,2723.8,2751.35,2708.0,2730.8,2731.85,2021,10,October,19,1,Tuesday
246,2021-10-20,RELIANCE,EQ,2731.85,2742.75,2742.75,2691.5,2703.5,2700.4,2021,10,October,20,2,Wednesday
247,2021-10-21,RELIANCE,EQ,2700.4,2727.4,2728.0,2603.2,2635.0,2622.5,2021,10,October,21,3,Thursday
248,2021-10-22,RELIANCE,EQ,2622.5,2620.0,2664.9,2611.5,2625.75,2627.4,2021,10,October,22,4,Friday
249,2021-10-25,RELIANCE,EQ,2627.4,2680.0,2680.0,2570.0,2607.0,2601.8,2021,10,October,25,0,Monday
250,2021-10-26,RELIANCE,EQ,2601.8,2617.1,2668.9,2603.15,2666.3,2661.05,2021,10,October,26,1,Tuesday
251,2021-10-27,RELIANCE,EQ,2661.05,2652.0,2676.8,2619.95,2622.3,2627.4,2021,10,October,27,2,Wednesday
252,2021-10-28,RELIANCE,EQ,2627.4,2620.0,2637.95,2590.5,2598.0,2598.6,2021,10,October,28,3,Thursday
253,2021-10-29,RELIANCE,EQ,2598.6,2596.15,2596.15,2501.7,2540.0,2536.25,2021,10,October,29,4,Friday
254,2021-11-01,RELIANCE,EQ,2536.25,2536.25,2556.0,2494.1,2538.1,2537.8,2021,11,November,1,0,Monday
255,2021-11-02,RELIANCE,EQ,2537.8,2545.0,2548.0,2495.25,2503.05,2500.8,2021,11,November,2,1,Tuesday
256,2021-11-03,RELIANCE,EQ,2500.8,2506.05,2520.0,2461.0,2483.0,2483.6,2021,11,November,3,2,Wednesday
257,2021-11-04,RELIANCE,EQ,2483.6,2492.95,2504.9,2490.0,2503.0,2498.85,2021,11,November,4,3,Thursday
258,2021-11-08,RELIANCE,EQ,2498.85,2519.4,2520.0,2456.4,2502.9,2501.95,2021,11,November,8,0,Monday
259,2021-11-09,RELIANCE,EQ,2501.95,2505.0,2528.9,2487.05,2528.6,2521.7,2021,11,November,9,1,Tuesday
260,2021-11-10,RELIANCE,EQ,2521.7,2516.7,2558.0,2503.65,2546.45,2549.9,2021,11,November,10,2,Wednesday
261,2021-11-11,RELIANCE,EQ,2549.9,2540.05,2570.5,2535.55,2556.0,2554.55,2021,11,November,11,3,Thursday
262,2021-11-12,RELIANCE,EQ,2554.55,2562.9,2598.75,2557.0,2588.0,2593.1,2021,11,November,12,4,Friday
263,2021-11-15,RELIANCE,EQ,2593.1,2600.0,2602.2,2570.0,2574.5,2577.8,2021,11,November,15,0,Monday
264,2021-11-16,RELIANCE,EQ,2577.8,2572.05,2575.0,2495.0,2497.25,2517.9,2021,11,November,16,1,Tuesday
265,2021-11-17,RELIANCE,EQ,2517.9,2498.95,2498.95,2461.0,2462.8,2464.0,2021,11,November,17,2,Wednesday
266,2021-11-18,RELIANCE,EQ,2464.0,2460.0,2489.0,2450.05,2473.0,2473.3,2021,11,November,18,3,Thursday
267,2021-11-22,RELIANCE,EQ,2473.3,2436.1,2449.0,2351.0,2365.65,2363.75,2021,11,November,22,0,Monday
268,2021-11-23,RELIANCE,EQ,2363.75,2333.05,2401.25,2309.0,2389.95,2385.85,2021,11,November,23,1,Tuesday
269,2021-11-24,RELIANCE,EQ,2385.85,2380.0,2409.9,2343.55,2343.55,2351.4,2021,11,November,24,2,Wednesday
270,2021-11-25,RELIANCE,EQ,2351.4,2373.0,2502.0,2357.15,2501.0,2492.95,2021,11,November,25,3,Thursday
271,2021-11-26,RELIANCE,EQ,2492.95,2467.8,2477.6,2401.5,2405.1,2412.6,2021,11,November,26,4,Friday
272,2021-11-29,RELIANCE,EQ,2412.6,2439.1,2500.0,2399.1,2437.7,2441.5,2021,11,November,29,0,Monday
273,2021-11-30,RELIANCE,EQ,2441.5,2468.0,2475.9,2388.85,2401.2,2405.4,2021,11,November,30,1,Tuesday
274,2021-12-01,RELIANCE,EQ,2405.4,2433.0,2474.0,2425.1,2467.75,2467.0,2021,12,December,1,2,Wednesday
275,2021-12-02,RELIANCE,EQ,2467.0,2469.7,2496.2,2461.6,2481.95,2482.85,2021,12,December,2,3,Thursday
276,2021-12-03,RELIANCE,EQ,2482.85,2498.4,2498.5,2400.0,2413.15,2408.25,2021,12,December,3,4,Friday
277,2021-12-06,RELIANCE,EQ,2408.25,2416.0,2425.0,2357.15,2365.95,2362.6,2021,12,December,6,0,Monday
278,2021-12-07,RELIANCE,EQ,2362.6,2376.15,2404.0,2360.0,2382.0,2381.85,2021,12,December,7,1,Tuesday
279,2021-12-08,RELIANCE,EQ,2381.85,2424.1,2431.8,2406.3,2420.95,2418.1,2021,12,December,8,2,Wednesday
280,2021-12-09,RELIANCE,EQ,2418.1,2435.0,2474.9,2425.0,2453.0,2456.45,2021,12,December,9,3,Thursday
281,2021-12-10,RELIANCE,EQ,2456.45,2440.25,2466.0,2430.35,2457.25,2458.95,2021,12,December,10,4,Friday
282,2021-12-13,RELIANCE,EQ,2458.95,2473.5,2474.1,2404.0,2411.45,2409.65,2021,12,December,13,0,Monday
283,2021-12-14,RELIANCE,EQ,2409.65,2380.0,2406.0,2373.4,2382.5,2380.15,2021,12,December,14,1,Tuesday
284,2021-12-15,RELIANCE,EQ,2380.15,2384.0,2405.0,2361.1,2369.9,2373.2,2021,12,December,15,2,Wednesday
285,2021-12-16,RELIANCE,EQ,2373.2,2405.7,2415.5,2368.65,2413.95,2403.9,2021,12,December,16,3,Thursday
286,2021-12-17,RELIANCE,EQ,2403.9,2398.05,2408.0,2320.0,2343.4,2340.45,2021,12,December,17,4,Friday
287,2021-12-20,RELIANCE,EQ,2340.45,2317.85,2317.85,2247.1,2276.8,2277.35,2021,12,December,20,0,Monday
288,2021-12-21,RELIANCE,EQ,2277.35,2311.35,2346.0,2292.2,2313.0,2311.25,2021,12,December,21,1,Tuesday
289,2021-12-22,RELIANCE,EQ,2311.25,2324.9,2371.9,2322.0,2365.0,2366.1,2021,12,December,22,2,Wednesday
290,2021-12-23,RELIANCE,EQ,2366.1,2374.0,2380.0,2358.05,2365.0,2365.25,2021,12,December,23,3,Thursday
291,2021-12-24,RELIANCE,EQ,2365.25,2370.0,2392.0,2337.55,2367.15,2372.8,2021,12,December,24,4,Friday
292,2021-12-27,RELIANCE,EQ,2372.8,2361.55,2378.0,2348.1,2371.0,2370.25,2021,12,December,27,0,Monday
293,2021-12-28,RELIANCE,EQ,2370.25,2375.6,2404.85,2373.05,2404.0,2398.4,2021,12,December,28,1,Tuesday
294,2021-12-29,RELIANCE,EQ,2398.4,2391.0,2419.0,2382.1,2398.0,2402.5,2021,12,December,29,2,Wednesday
295,2021-12-30,RELIANCE,EQ,2402.5,2400.0,2404.95,2345.6,2364.0,2359.1,2021,12,December,30,3,Thursday
296,2021-12-31,RELIANCE,EQ,2359.1,2373.0,2383.9,2360.0,2368.5,2368.15,2021,12,December,31,4,Friday
297,2022-01-03,RELIANCE,EQ,2368.15,2365.0,2407.95,2363.55,2407.95,2403.85,2022,1,January,3,0,Monday
298,2022-01-04,RELIANCE,EQ,2403.85,2415.9,2461.0,2404.0,2460.0,2458.1,2022,1,January,4,1,Tuesday
299,2022-01-05,RELIANCE,EQ,2458.1,2462.0,2477.0,2432.95,2461.85,2469.6,2022,1,January,5,2,Wednesday
300,2022-01-06,RELIANCE,EQ,2469.6,2451.2,2454.0,2409.0,2419.15,2416.5,2022,1,January,6,3,Thursday
301,2022-01-07,RELIANCE,EQ,2416.5,2430.95,2458.05,2411.55,2439.9,2436.0,2022,1,January,7,4,Friday
302,2022-01-10,RELIANCE,EQ,2436.0,2452.0,2457.0,2416.05,2440.2,2438.0,2022,1,January,10,0,Monday
303,2022-01-11,RELIANCE,EQ,2438.0,2436.0,2474.95,2435.0,2455.8,2455.55,2022,1,January,11,1,Tuesday
304,2022-01-12,RELIANCE,EQ,2455.55,2471.3,2524.95,2465.0,2518.0,2521.1,2022,1,January,12,2,Wednesday
305,2022-01-13,RELIANCE,EQ,2521.1,2521.25,2541.0,2508.4,2536.25,2535.3,2022,1,January,13,3,Thursday
306,2022-01-14,RELIANCE,EQ,2535.3,2535.0,2567.3,2525.85,2537.0,2539.0,2022,1,January,14,4,Friday
307,2022-01-17,RELIANCE,EQ,2539.0,2538.0,2565.0,2537.0,2553.0,2552.25,2022,1,January,17,0,Monday
308,2022-01-18,RELIANCE,EQ,2552.25,2554.75,2562.35,2515.75,2523.0,2521.8,2022,1,January,18,1,Tuesday
309,2022-01-19,RELIANCE,EQ,2521.8,2530.0,2542.0,2509.0,2521.4,2521.6,2022,1,January,19,2,Wednesday
310,2022-01-20,RELIANCE,EQ,2521.6,2500.05,2509.95,2455.0,2482.1,2477.45,2022,1,January,20,3,Thursday
311,2022-01-21,RELIANCE,EQ,2477.45,2452.0,2502.25,2452.0,2476.05,2477.85,2022,1,January,21,4,Friday
312,2022-01-24,RELIANCE,EQ,2477.85,2475.0,2504.75,2355.1,2379.9,2377.9,2022,1,January,24,0,Monday
313,2022-01-25,RELIANCE,EQ,2377.9,2349.55,2388.65,2305.0,2368.1,2373.25,2022,1,January,25,1,Tuesday
314,2022-01-27,RELIANCE,EQ,2373.25,2336.0,2356.1,2311.05,2347.0,2338.1,2022,1,January,27,3,Thursday
315,2022-01-28,RELIANCE,EQ,2338.1,2365.0,2375.9,2328.4,2336.0,2335.85,2022,1,January,28,4,Friday
316,2022-01-31,RELIANCE,EQ,2335.85,2360.2,2406.4,2356.2,2384.05,2386.6,2022,1,January,31,0,Monday
317,2022-02-01,RELIANCE,EQ,2386.6,2408.0,2420.6,2347.1,2382.8,2378.7,2022,2,February,1,1,Tuesday
318,2022-02-02,RELIANCE,EQ,2378.7,2407.0,2407.0,2375.1,2385.0,2383.55,2022,2,February,2,2,Wednesday
319,2022-02-03,RELIANCE,EQ,2383.55,2392.0,2401.45,2347.2,2348.45,2352.75,2022,2,February,3,3,Thursday
320,2022-02-04,RELIANCE,EQ,2352.75,2341.0,2348.45,2321.1,2330.5,2331.3,2022,2,February,4,4,Friday
321,2022-02-07,RELIANCE,EQ,2331.3,2342.0,2356.8,2305.0,2319.4,2317.1,2022,2,February,7,0,Monday
322,2022-02-08,RELIANCE,EQ,2317.1,2330.65,2360.0,2310.0,2357.5,2356.05,2022,2,February,8,1,Tuesday
323,2022-02-09,RELIANCE,EQ,2356.05,2371.15,2387.2,2358.0,2384.0,2383.5,2022,2,February,9,2,Wednesday
324,2022-02-10,RELIANCE,EQ,2383.5,2395.7,2395.7,2365.1,2376.95,2381.05,2022,2,February,10,3,Thursday
325,2022-02-11,RELIANCE,EQ,2381.05,2373.25,2384.5,2344.1,2372.55,2376.4,2022,2,February,11,4,Friday
326,2022-02-14,RELIANCE,EQ,2376.4,2340.25,2354.95,2313.0,2332.0,2338.55,2022,2,February,14,0,Monday
327,2022-02-15,RELIANCE,EQ,2338.55,2351.2,2423.9,2335.7,2415.1,2417.95,2022,2,February,15,1,Tuesday
328,2022-02-16,RELIANCE,EQ,2417.95,2430.0,2433.0,2395.95,2407.65,2412.95,2022,2,February,16,2,Wednesday
329,2022-02-17,RELIANCE,EQ,2412.95,2420.1,2454.9,2410.0,2441.0,2443.5,2022,2,February,17,3,Thursday
330,2022-02-18,RELIANCE,EQ,2443.5,2444.4,2456.4,2420.15,2427.3,2424.4,2022,2,February,18,4,Friday
331,2022-02-21,RELIANCE,EQ,2424.4,2412.0,2437.5,2384.6,2399.6,2399.9,2022,2,February,21,0,Monday
332,2022-02-22,RELIANCE,EQ,2399.9,2352.9,2395.9,2347.15,2389.75,2389.0,2022,2,February,22,1,Tuesday
333,2022-02-23,RELIANCE,EQ,2389.0,2401.1,2406.55,2368.0,2371.25,2374.05,2022,2,February,23,2,Wednesday
334,2022-02-24,RELIANCE,EQ,2374.05,2305.0,2339.9,2243.4,2250.0,2255.75,2022,2,February,24,3,Thursday
335,2022-02-25,RELIANCE,EQ,2255.75,2280.1,2307.95,2276.25,2283.0,2283.95,2022,2,February,25,4,Friday
336,2022-02-28,RELIANCE,EQ,2283.95,2243.0,2367.35,2243.0,2355.0,2359.55,2022,2,February,28,0,Monday
337,2022-03-02,RELIANCE,EQ,2359.55,2334.45,2401.0,2329.2,2399.25,2398.55,2022,3,March,2,2,Wednesday
338,2022-03-03,RELIANCE,EQ,2398.55,2400.0,2414.85,2370.05,2382.0,2378.3,2022,3,March,3,3,Thursday
339,2022-03-04,RELIANCE,EQ,2378.3,2353.0,2364.3,2320.35,2327.95,2325.55,2022,3,March,4,4,Friday
